{
  "type": "FeatureCollection",
  "features": [
    {
      "type": "Feature",
      "id": "BigDipper",
      "properties": { "n": "Big Dipper", "es": "Gran Carro", "loc": [-165, 61.5], "p": 2 },
      "geometry": {
        "type": "MultiLineString",
        "coordinates": [
          [
            [-176.1435, 57.0326],
            [165.932, 61.751],
            [165.4603, 56.3824],
            [178.4577, 53.6948],
            [-176.1435, 57.0326],
            [-166.4927, 55.9598],
            [-159.0186, 54.9254],
            [-153.1148, 49.3133]
          ]
        ]
      }
    },
    {
      "type": "Feature",
      "id": "NorthernPointer",
      "properties": { "n": "Northern Pointer", "es": "", "loc": [0, 0], "p": 6 },
      "geometry": {
        "type": "MultiLineString",
        "coordinates": [
          [
            [165.4603, 56.3824],
            [165.932, 61.751],
            [37.9546, 89.2641]
          ]
        ]
      }
    },
    {
      "type": "Feature",
      "id": "LittleDipper",
      "properties": { "n": "Little Dipper", "es": "", "loc": [-90, 80], "p": 4 },
      "geometry": {
        "type": "MultiLineString",
        "coordinates": [
          [
            [37.9546, 89.2641],
            [-96.9458, 86.5865],
            [-108.5073, 82.0373],
            [-123.9853, 77.7945],
            [-137.3236, 74.1555],
            [-129.8178, 71.834],
            [-115.6238, 75.7553],
            [-123.9853, 77.7945]
          ]
        ]
      }
    },
    {
      "type": "Feature",
      "id": "GuardiansofthePole",
      "properties": { "n": "Guardians of the Pole", "es": "", "loc": [-135, 67], "p": 3 },
      "geometry": {
        "type": "MultiLineString",
        "coordinates": [
          [
            [-137.3236, 74.1555],
            [-129.8178, 71.834]
          ]
        ]
      }
    },
    {
      "type": "Feature",
      "id": "TheQueensW",
      "properties": { "n": "The Queen's 'W'", "es": "La W", "loc": [-5.25, 53], "p": 2 },
      "geometry": {
        "type": "MultiLineString",
        "coordinates": [
          [
            [2.2945, 59.1498],
            [10.1268, 56.5373],
            [14.1772, 60.7167],
            [21.454, 60.2353],
            [28.5989, 63.6701]
          ]
        ]
      }
    },
    {
      "type": "Feature",
      "id": "HouseofCepheus",
      "properties": { "n": "House of Cepheus", "es": "", "loc": [-55.5, 66], "p": 3 },
      "geometry": {
        "type": "MultiLineString",
        "coordinates": [
          [
            [-40.3551, 62.5856],
            [-37.835, 70.5607],
            [-5.1631, 77.6323],
            [-17.5799, 66.2004],
            [-22.7072, 58.4152],
            [-40.3551, 62.5856],
            [-17.5799, 66.2004],
            [-37.835, 70.5607],
            [-22.7072, 58.4152]
          ]
        ]
      }
    },
    {
      "type": "Feature",
      "id": "Belt",
      "properties": { "n": "Belt", "es": "", "loc": [84, 1.5], "p": 3 },
      "geometry": {
        "type": "MultiLineString",
        "coordinates": [
          [
            [83.0017, -0.2991],
            [84.0534, -1.2019],
            [85.1897, -1.9426]
          ]
        ]
      }
    },
    {
      "type": "Feature",
      "id": "TheLeash",
      "properties": { "n": "'The Leash'", "es": "", "loc": [0, 0], "p": 3 },
      "geometry": {
        "type": "MultiLineString",
        "coordinates": [
          [
            [101.2872, -16.7161],
            [85.1897, -1.9426]
          ]
        ]
      }
    },
    {
      "type": "Feature",
      "id": "Sword",
      "properties": { "n": "Sword", "es": "", "loc": [79.5, -3.5], "p": 4 },
      "geometry": {
        "type": "MultiLineString",
        "coordinates": [
          [
            [84.6866, -2.6],
            [83.816, -5.3873],
            [83.8583, -5.9099]
          ]
        ]
      }
    },
    {
      "type": "Feature",
      "id": "WinterHexagon",
      "properties": { "n": "Winter Hexagon", "es": "Hexagono Invernal", "loc": [93, 18], "p": 1 },
      "geometry": {
        "type": "MultiLineString",
        "coordinates": [
          [
            [101.2872, -16.7161],
            [114.8255, 5.225],
            [116.329, 28.0262],
            [79.1723, 45.998],
            [68.9802, 16.5093],
            [78.6345, -8.2016],
            [101.2872, -16.7161]
          ]
        ]
      }
    },
    {
      "type": "Feature",
      "id": "WinterTriangle",
      "properties": { "n": "Winter Triangle", "es": "", "loc": [102, 2], "p": 3 },
      "geometry": {
        "type": "MultiLineString",
        "coordinates": [
          [
            [101.2872, -16.7161],
            [114.8255, 5.225],
            [88.7929, 7.4071],
            [101.2872, -16.7161]
          ]
        ]
      }
    },
    {
      "type": "Feature",
      "id": "GreatDiamond",
      "properties": { "n": "Great Diamond", "es": "Diamante de Virgo", "loc": [-163.5, 16], "p": 1 },
      "geometry": {
        "type": "MultiLineString",
        "coordinates": [
          [
            [-146.0847, 19.1824],
            [-158.7018, -11.1613],
            [177.2649, 14.5721],
            [-165.9931, 38.3184],
            [-146.0847, 19.1824]
          ]
        ]
      }
    },
    {
      "type": "Feature",
      "id": "Kite",
      "properties": { "n": "Kite", "es": "", "loc": [-138, 31], "p": 3 },
      "geometry": {
        "type": "MultiLineString",
        "coordinates": [
          [
            [-146.0847, 19.1824],
            [-138.7533, 27.0742],
            [-131.1243, 33.3148],
            [-134.5135, 40.3906],
            [-141.9805, 38.3083],
            [-142.0425, 30.3714],
            [-146.0847, 19.1824],
            [-151.3288, 18.3977],
            [-153.1844, 17.4569],
            [-152.6307, 15.7979],
            [-151.3288, 18.3977]
          ]
        ]
      }
    },
    {
      "type": "Feature",
      "id": "TheSickle",
      "properties": { "n": "The Sickle", "es": "La Hoz", "loc": [149.25, 5], "p": 3 },
      "geometry": {
        "type": "MultiLineString",
        "coordinates": [
          [
            [152.093, 11.9672],
            [151.8331, 16.7627],
            [154.9931, 19.8415],
            [154.1726, 23.4173],
            [148.1909, 26.007],
            [146.4628, 23.7743]
          ]
        ]
      }
    },
    {
      "type": "Feature",
      "id": "SummerTriangle",
      "properties": { "n": "Summer Triangle", "es": "Triángulo Estival", "loc": [-67.5, 38], "p": 1 },
      "geometry": {
        "type": "MultiLineString",
        "coordinates": [
          [
            [-80.7653, 38.7837],
            [-62.3042, 8.8683],
            [-49.642, 45.2803],
            [-80.7653, 38.7837]
          ]
        ]
      }
    },
    {
      "type": "Feature",
      "id": "NorthernCross",
      "properties": { "n": "Northern Cross", "es": "", "loc": [-40.5, 42], "p": 3 },
      "geometry": {
        "type": "MultiLineString",
        "coordinates": [
          [
            [-49.642, 45.2803],
            [-54.4429, 40.2567],
            [-67.3197, 27.9597]
          ]
        ]
      }
    },
    {
      "type": "Feature",
      "id": "NorthernCross",
      "properties": { "n": "Northern Cross", "es": "", "loc": [0, 0], "p": 3 },
      "geometry": {
        "type": "MultiLineString",
        "coordinates": [
          [
            [-63.7563, 45.1308],
            [-54.4429, 40.2567],
            [-48.4472, 33.9703]
          ]
        ]
      }
    },
    {
      "type": "Feature",
      "id": "PegasusSquare",
      "properties": { "n": "Pegasus Square", "es": "Cuadrante de Pegaso", "loc": [-5.25, 10], "p": 2 },
      "geometry": {
        "type": "MultiLineString",
        "coordinates": [
          [
            [-14.0564, 28.0828],
            [-13.8098, 15.2053],
            [3.309, 15.1836],
            [2.0969, 29.0904],
            [-14.0564, 28.0828]
          ]
        ]
      }
    },
    {
      "type": "Feature",
      "id": "Teapot",
      "properties": { "n": "Teapot", "es": "La Tetera", "loc": [-82.5, -19], "p": 2 },
      "geometry": {
        "type": "MultiLineString",
        "coordinates": [
          [
            [-74.347, -29.8801],
            [-78.5859, -26.9908],
            [-83.0073, -25.4217],
            [-84.7515, -29.8281],
            [-83.957, -34.3846],
            [-74.347, -29.8801],
            [-73.265, -27.6704],
            [-76.1836, -26.2967],
            [-84.7515, -29.8281],
            [-88.548, -30.4241],
            [-83.957, -34.3846]
          ]
        ]
      }
    },
    {
      "type": "Feature",
      "id": "Teaspoon",
      "properties": { "n": "Teaspoon", "es": "", "loc": [-72, -23.5], "p": 4 },
      "geometry": {
        "type": "MultiLineString",
        "coordinates": [
          [
            [-69.5818, -17.8472],
            [-70.5913, -18.9529],
            [-72.559, -21.0236],
            [-73.8292, -21.7415],
            [-75.6647, -20.6563],
            [-75.5675, -21.1067]
          ]
        ]
      }
    },
    {
      "type": "Feature",
      "id": "Fishhook",
      "properties": { "n": "Fishhook", "es": "El Anzuelo", "loc": [-117, -15.5], "p": 3 },
      "geometry": {
        "type": "MultiLineString",
        "coordinates": [
          [
            [-119.9166, -22.6217],
            [-118.6407, -19.8055],
            [-114.7029, -25.5928],
            [-112.6481, -26.432],
            [-111.0294, -28.216],
            [-107.4591, -34.2932],
            [-107.0324, -38.0474],
            [-106.3541, -42.3613],
            [-101.9617, -43.2392],
            [-95.6703, -42.9978],
            [-93.1038, -40.127],
            [-94.378, -39.03],
            [-96.5978, -37.1038]
          ]
        ]
      }
    },
    {
      "type": "Feature",
      "id": "SouthernCross",
      "properties": { "n": "Southern Cross", "es": "Cruz del Sur", "loc": [-172.5, -51.4], "p": 1 },
      "geometry": {
        "type": "MultiLineString",
        "coordinates": [
          [
            [-173.3504, -63.0991],
            [-172.2085, -57.1132]
          ],
          [
            [-168.0697, -59.6888],
            [-176.2137, -58.7489]
          ]
        ]
      }
    },
    {
      "type": "Feature",
      "id": "SouthernPointer",
      "properties": { "n": "Southern Pointer", "es": "", "loc": [0, 0], "p": 6 },
      "geometry": {
        "type": "MultiLineString",
        "coordinates": [
          [
            [-140.1039, -60.8375],
            [-149.0441, -60.373],
            [-168.0697, -59.6888]
          ]
        ]
      }
    },
    {
      "type": "Feature",
      "id": "SouthPole",
      "properties": { "n": "South Pole", "es": "", "loc": [0, 0], "p": 6 },
      "geometry": {
        "type": "MultiLineString",
        "coordinates": [
          [
            [-173.3504, -63.0991],
            [180, -89.9]
          ]
        ]
      }
    },
    {
      "type": "Feature",
      "id": "DiamondCross",
      "properties": { "n": "Diamond Cross", "es": "", "loc": [0, 0], "p": 3 },
      "geometry": {
        "type": "MultiLineString",
        "coordinates": [
          [
            [138.2999, -69.7172],
            [160.7392, -64.3945]
          ],
          [
            [146.7755, -65.072],
            [153.4342, -70.0379]
          ]
        ]
      }
    },
    {
      "type": "Feature",
      "id": "FalseCross",
      "properties": { "n": "False Cross", "es": "", "loc": [132, -63], "p": 3 },
      "geometry": {
        "type": "MultiLineString",
        "coordinates": [
          [
            [140.5284, -55.0107],
            [125.6285, -59.5095]
          ],
          [
            [131.1759, -54.7088],
            [139.2725, -59.2752]
          ]
        ]
      }
    },
    {
      "type": "Feature",
      "id": "ArgoNavis",
      "properties": { "n": "Argo Navis", "es": "", "loc": [110.25, -45], "p": 2 },
      "geometry": {
        "type": "MultiLineString",
        "coordinates": [
          [
            [95.988, -52.6957],
            [138.2999, -69.7172],
            [153.4342, -70.0379],
            [160.7392, -64.3945],
            [158.0061, -61.6853],
            [139.2725, -59.2752],
            [131.1759, -54.7088],
            [122.3831, -47.3366],
            [120.896, -40.0031],
            [121.886, -24.3043],
            [117.3236, -24.8598],
            [114.7078, -26.8038],
            [109.2857, -37.0975],
            [99.4403, -43.1959],
            [95.988, -52.6957]
          ],
          [
            [131.1759, -54.7088],
            [140.5284, -55.0107],
            [149.2156, -54.5678],
            [161.6924, -49.4203],
            [153.684, -42.1219],
            [142.675, -40.4667],
            [136.999, -43.4326],
            [122.3831, -47.3366]
          ],
          [
            [120.896, -40.0031],
            [130.0256, -35.3084],
            [130.8981, -33.1864],
            [132.633, -27.7098]
          ]
        ]
      }
    },
    {
      "type": "Feature",
      "id": "HeadoftheWhale",
      "properties": { "n": "Head of the Whale", "es": "", "loc": [42, 12], "p": 4 },
      "geometry": {
        "type": "MultiLineString",
        "coordinates": [
          [
            [45.5699, 4.0897],
            [44.9287, 8.9074],
            [41.2356, 10.1141],
            [37.0398, 8.4601],
            [38.9686, 5.5932],
            [40.8252, 3.2358],
            [45.5699, 4.0897]
          ]
        ]
      }
    },
    {
      "type": "Feature",
      "id": "MedusasHead",
      "properties": { "n": "Medusa's Head", "es": "", "loc": [45, 36], "p": 4 },
      "geometry": {
        "type": "MultiLineString",
        "coordinates": [
          [
            [47.0422, 40.9556],
            [47.8224, 39.6116],
            [46.2941, 38.8403],
            [44.6903, 39.6627],
            [44.9162, 41.0329],
            [47.0422, 40.9556]
          ]
        ]
      }
    },
    {
      "type": "Feature",
      "id": "TheKids",
      "properties": { "n": "The Kids", "es": "", "loc": [72, 39], "p": 3 },
      "geometry": {
        "type": "MultiLineString",
        "coordinates": [
          [
            [75.4922, 43.8233],
            [76.6287, 41.2345],
            [75.6195, 41.0758]
          ]
        ]
      }
    },
    {
      "type": "Feature",
      "id": "FalseKids",
      "properties": { "n": "False Kids", "es": "", "loc": [90, 35.5], "p": 4 },
      "geometry": {
        "type": "MultiLineString",
        "coordinates": [
          [
            [87.8725, 39.1485],
            [87.2935, 39.1811],
            [87.7602, 37.3056],
            [87.8725, 39.1485]
          ]
        ]
      }
    },
    {
      "type": "Feature",
      "id": "HerschelsTelescope",
      "properties": { "n": "Herschel's Telescope", "es": "", "loc": [112.5, 44], "p": 5 },
      "geometry": {
        "type": "MultiLineString",
        "coordinates": [
          [
            [99.7049, 39.9026],
            [99.8326, 42.4889],
            [100.7707, 44.5245],
            [101.9149, 48.7895]
          ]
        ]
      }
    },
    {
      "type": "Feature",
      "id": "HerschelsTelescope",
      "properties": { "n": "Herschel's Telescope", "es": "", "loc": [0, 0], "p": 4 },
      "geometry": {
        "type": "MultiLineString",
        "coordinates": [
          [
            [102.6914, 41.7812],
            [101.6847, 43.5774],
            [100.7707, 44.5245],
            [104.1336, 46.274]
          ]
        ]
      }
    },
    {
      "type": "Feature",
      "id": "Manger",
      "properties": { "n": "Manger", "es": "", "loc": [130.5, 15.5], "p": 5 },
      "geometry": {
        "type": "MultiLineString",
        "coordinates": [
          [
            [130.8215, 21.4685],
            [131.1712, 18.1543],
            [127.8989, 18.0944],
            [128.1771, 20.4412],
            [130.8215, 21.4685]
          ]
        ]
      }
    },
    {
      "type": "Feature",
      "id": "LittleCrab",
      "properties": { "n": "Little Crab", "es": "", "loc": [120, 11], "p": 5 },
      "geometry": {
        "type": "MultiLineString",
        "coordinates": [
          [
            [120.1971, 17.3087],
            [120.3762, 16.4553],
            [121.2687, 13.1182]
          ]
        ]
      }
    },
    {
      "type": "Feature",
      "id": "HeadofHydra",
      "properties": { "n": "Head of Hydra", "es": "", "loc": [131.25, 1.5], "p": 4 },
      "geometry": {
        "type": "MultiLineString",
        "coordinates": [
          [
            [129.414, 5.7038],
            [129.6893, 3.3414],
            [130.8061, 3.3987],
            [132.1082, 5.8378],
            [131.6938, 6.4188],
            [129.414, 5.7038]
          ]
        ]
      }
    },
    {
      "type": "Feature",
      "id": "NightOwl",
      "properties": { "n": "Night Owl", "es": "", "loc": [-150, -23], "p": 5 },
      "geometry": {
        "type": "MultiLineString",
        "coordinates": [
          [
            [-150.3702, -24.9722],
            [-149.9995, -25.0104]
          ]
        ]
      }
    },
    {
      "type": "Feature",
      "id": "MiniScorpion",
      "properties": { "n": "Mini Scorpion", "es": "", "loc": [-136.5, -30], "p": 5 },
      "geometry": {
        "type": "MultiLineString",
        "coordinates": [
          [
            [-138.4997, -25.4432],
            [-138.156, -25.6243],
            [-138.0633, -26.0875],
            [-138.0102, -26.6462],
            [-137.4279, -27.9604],
            [-135.3364, -27.6573],
            [-134.4732, -28.0606]
          ]
        ]
      }
    },
    {
      "type": "Feature",
      "id": "Sail",
      "properties": { "n": "Sail", "es": "", "loc": [-173.25, -25.5], "p": 3 },
      "geometry": {
        "type": "MultiLineString",
        "coordinates": [
          [
            [-171.4032, -23.3968],
            [-177.4688, -22.6198],
            [-176.0485, -17.5419],
            [-172.5339, -16.5154],
            [-171.4032, -23.3968]
          ]
        ]
      }
    },
    {
      "type": "Feature",
      "id": "ThreePatriarchs",
      "properties": { "n": "Three Patriarchs", "es": "", "loc": [-120, -72], "p": 3 },
      "geometry": {
        "type": "MultiLineString",
        "coordinates": [
          [
            [-107.8338, -69.0277],
            [-121.2143, -63.4307],
            [-130.2726, -68.6795],
            [-107.8338, -69.0277]
          ]
        ]
      }
    },
    {
      "type": "Feature",
      "id": "Keystone",
      "properties": { "n": "Keystone", "es": "", "loc": [-108, 29], "p": 3 },
      "geometry": {
        "type": "MultiLineString",
        "coordinates": [
          [
            [-109.276, 38.9223],
            [-101.2382, 36.8092],
            [-104.9276, 30.9264],
            [-109.6785, 31.6027],
            [-109.276, 38.9223]
          ]
        ]
      }
    },
    {
      "type": "Feature",
      "id": "Club",
      "properties": { "n": "Club", "es": "", "loc": [-115.5, 43], "p": 4 },
      "geometry": {
        "type": "MultiLineString",
        "coordinates": [
          [
            [-115.0648, 46.3134],
            [-117.8076, 44.9349],
            [-121.8311, 42.4515]
          ]
        ]
      }
    },
    {
      "type": "Feature",
      "id": "Coffin",
      "properties": { "n": "Coffin", "es": "", "loc": [-103.5, -3], "p": 3 },
      "geometry": {
        "type": "MultiLineString",
        "coordinates": [
          [
            [-110.7103, -10.5671],
            [-102.4055, -15.7249],
            [-94.1319, 4.5673],
            [-96.2664, 12.56],
            [-105.5829, 9.375],
            [-110.7103, -10.5671]
          ]
        ]
      }
    },
    {
      "type": "Feature",
      "id": "PoniatowskisBull",
      "properties": { "n": "Poniatowski's Bull", "es": "", "loc": [-88.5, -1], "p": 5 },
      "geometry": {
        "type": "MultiLineString",
        "coordinates": [
          [
            [-89.9342, 4.3686],
            [-89.8387, 2.9316],
            [-89.5617, 1.3051],
            [-88.6363, 2.5001],
            [-87.6088, 3.9933]
          ]
        ]
      }
    },
    {
      "type": "Feature",
      "id": "Lozenge",
      "properties": { "n": "Lozenge", "es": "", "loc": [-93.75, 49], "p": 3 },
      "geometry": {
        "type": "MultiLineString",
        "coordinates": [
          [
            [-97.3918, 52.3014],
            [-90.8485, 51.4889],
            [-91.6178, 56.8726],
            [-96.9332, 55.173],
            [-97.3918, 52.3014]
          ]
        ]
      }
    },
    {
      "type": "Feature",
      "id": "Swoosh",
      "properties": { "n": "Swoosh", "es": "", "loc": [-73.5, -7.5], "p": 5 },
      "geometry": {
        "type": "MultiLineString",
        "coordinates": [
          [
            [-74.2729, -3.699],
            [-73.7597, -4.0314],
            [-73.4378, -4.8826],
            [-74.5799, -5.7391],
            [-75.7347, -5.8463]
          ]
        ]
      }
    },
    {
      "type": "Feature",
      "id": "JobsCoffin",
      "properties": { "n": "Job's Coffin", "es": "", "loc": [-49.5, 11.5], "p": 4 },
      "geometry": {
        "type": "MultiLineString",
        "coordinates": [
          [
            [-50.0905, 15.9121],
            [-50.6127, 14.5951],
            [-49.1353, 15.0746],
            [-48.3354, 16.1243],
            [-50.0905, 15.9121]
          ]
        ]
      }
    },
    {
      "type": "Feature",
      "id": "Crossbow",
      "properties": { "n": "Crossbow", "es": "", "loc": [-27, 55.2], "p": 4 },
      "geometry": {
        "type": "MultiLineString",
        "coordinates": [
          [
            [-22.7072, 58.4152],
            [-27.2863, 58.2013],
            [-29.4809, 58.0004]
          ],
          [
            [-26.2409, 57.0436],
            [-27.2863, 58.2013],
            [-27.1226, 59.4145]
          ]
        ]
      }
    },
    {
      "type": "Feature",
      "id": "WaterJar",
      "properties": { "n": "Water Jar", "es": "", "loc": [-22.5, 3], "p": 4 },
      "geometry": {
        "type": "MultiLineString",
        "coordinates": [
          [
            [-21.1609, -0.1175],
            [-22.7921, -0.0199],
            [-23.6807, 1.3774],
            [-22.7921, -0.0199],
            [-24.5859, -1.3873]
          ]
        ]
      }
    },
    {
      "type": "Feature",
      "id": "DNAStrand",
      "properties": { "n": "DNA Strand", "es": "", "loc": [-6, -25.6], "p": 5 },
      "geometry": {
        "type": "MultiLineString",
        "coordinates": [
          [
            [-13.3298, -23.7431],
            [-12.5213, -22.4576],
            [-12.6383, -21.1724],
            [-6.6807, -20.9145],
            [-8.4884, -20.642],
            [-9.2574, -20.1006],
            [-2.1611, -18.9092],
            [-3.4962, -18.6783],
            [-3.9497, -18.2769],
            [-4.5591, -17.8165]
          ]
        ]
      }
    },
    {
      "type": "Feature",
      "id": "CircletofPisces",
      "properties": { "n": "Circlet of Pisces", "es": "", "loc": [-7.5, 8], "p": 5 },
      "geometry": {
        "type": "MultiLineString",
        "coordinates": [
          [
            [-5.0123, 5.6263],
            [-8.0079, 6.379],
            [-9.9142, 5.3813],
            [-10.7086, 3.2823],
            [-8.2669, 1.2556],
            [-4.4883, 1.78],
            [-3.402, 3.4868],
            [-5.0123, 5.6263]
          ]
        ]
      }
    },
    {
      "type": "Feature",
      "id": "FredericksGlory",
      "properties": { "n": "Frederick's Glory", "es": "", "loc": [-4.5, 41.5], "p": 4 },
      "geometry": {
        "type": "MultiLineString",
        "coordinates": [
          [
            [-5.4658, 43.2681],
            [-4.8979, 44.3339],
            [-5.609, 46.4581],
            [-4.8979, 44.3339],
            [-3.4915, 46.4203]
          ]
        ]
      }
    },
    {
      "type": "Feature",
      "id": "Lilium",
      "properties": { "n": "Lilium", "es": "", "loc": [40.5, 31], "p": 4 },
      "geometry": {
        "type": "MultiLineString",
        "coordinates": [
          [
            [40.863, 27.7071],
            [41.9773, 29.2471],
            [42.496, 27.2605],
            [40.863, 27.7071]
          ]
        ]
      }
    },
    {
      "type": "Feature",
      "id": "DavisDog",
      "properties": { "n": "Davis' Dog", "es": "", "loc": [64.5, 24.5], "p": 5 },
      "geometry": {
        "type": "MultiLineString",
        "coordinates": [
          [
            [66.8227, 22.9963],
            [66.5769, 22.8136],
            [66.3542, 22.2],
            [64.9029, 21.7735],
            [64.5967, 21.5793],
            [64.3153, 20.5786]
          ],
          [
            [66.3542, 22.2],
            [67.0033, 21.6199]
          ],
          [
            [65.8849, 20.982],
            [64.9029, 21.7735],
            [64.8587, 21.1423],
            [65.5947, 20.8214]
          ]
        ]
      }
    },
    {
      "type": "Feature",
      "id": "SkipLoader",
      "properties": { "n": "Skip Loader", "es": "", "loc": [-175.5, -5], "p": 4 },
      "geometry": {
        "type": "MultiLineString",
        "coordinates": [
          [
            [-164.4558, 10.9592],
            [-166.0991, 3.3975],
            [-169.5848, -1.4494],
            [-175.0235, -0.6668],
            [177.6738, 1.7647]
          ]
        ]
      }
    },
    {
      "type": "Feature",
      "id": "QuadransMuralis",
      "properties": { "n": "Quadrans Muralis", "es": "", "loc": [-123, 57.5], "p": 5 },
      "geometry": {
        "type": "MultiLineString",
        "coordinates": [
          [
            [-133.4303, 54.5563],
            [-123.3552, 55.4748],
            [-121.931, 55.8267],
            [-120.5523, 54.7498],
            [-119.4768, 52.9159],
            [-115.2033, 49.0382],
            [-125.3575, 50.4233],
            [-129.9785, 51.9585],
            [-133.4303, 54.5563]
          ],
          [
            [-129.9785, 51.9585],
            [-126.1825, 53.9221],
            [-125.6166, 54.5087],
            [-123.092, 55.3766],
            [-121.931, 55.8267],
            [-124.2885, 52.3609],
            [-125.3575, 50.4233]
          ]
        ]
      }
    },
    {
      "type": "Feature",
      "id": "UMa-Vir",
      "properties": { "n": "UMa-Vir", "es": "", "loc": [0, 0], "p": 6 },
      "geometry": {
        "type": "MultiLineString",
        "coordinates": [
          [
            [-159.0186, 54.9254],
            [-153.1148, 49.3133],
            [-146.0847, 19.1824],
            [-158.7018, -11.1613]
          ]
        ]
      }
    },
    {
      "type": "Feature",
      "id": "UMa-Leo",
      "properties": { "n": "UMa-Leo", "es": "", "loc": [0, 0], "p": 6 },
      "geometry": {
        "type": "MultiLineString",
        "coordinates": [
          [
            [-176.1435, 57.0326],
            [178.4577, 53.6948],
            [163.3279, 34.2149],
            [154.9931, 19.8415],
            [152.093, 11.9672]
          ]
        ]
      }
    },
    {
      "type": "Feature",
      "id": "UMa-Gem",
      "properties": { "n": "UMa-Gem", "es": "", "loc": [0, 0], "p": 6 },
      "geometry": {
        "type": "MultiLineString",
        "coordinates": [
          [
            [-176.1435, 57.0326],
            [165.4603, 56.3824],
            [116.329, 28.0262]
          ]
        ]
      }
    },
    {
      "type": "Feature",
      "id": "CMa-Tau",
      "properties": { "n": "CMa-Tau", "es": "", "loc": [0, 0], "p": 6 },
      "geometry": {
        "type": "MultiLineString",
        "coordinates": [
          [
            [101.2872, -16.7161],
            [85.1897, -1.9426],
            [84.0534, -1.2019],
            [83.0017, -0.2991],
            [68.9802, 16.5093],
            [56.8712, 24.1051]
          ]
        ]
      }
    },
    {
      "type": "Feature",
      "id": "UMi-Spring",
      "properties": { "n": "UMi-Spring", "es": "", "loc": [0, 0], "p": 6 },
      "geometry": {
        "type": "MultiLineString",
        "coordinates": [
          [
            [37.9546, 89.2641],
            [2.2945, 59.1498],
            [2.0969, 29.0904],
            [0, 0]
          ]
        ]
      }
    },
    {
      "type": "Feature",
      "id": "Peg-Per",
      "properties": { "n": "Peg-Per", "es": "", "loc": [0, 0], "p": 6 },
      "geometry": {
        "type": "MultiLineString",
        "coordinates": [
          [
            [-14.0564, 28.0828],
            [2.0969, 29.0904],
            [17.433, 35.6206],
            [30.9748, 42.3297],
            [51.0807, 49.8612]
          ]
        ]
      }
    },
    {
      "type": "Feature",
      "id": "Cas-Aur",
      "properties": { "n": "Cas-Aur", "es": "", "loc": [0, 0], "p": 6 },
      "geometry": {
        "type": "MultiLineString",
        "coordinates": [
          [
            [14.1772, 60.7167],
            [21.454, 60.2353],
            [79.1723, 45.998]
          ]
        ]
      }
    },
    {
      "type": "Feature",
      "id": "Cas-Cyg",
      "properties": { "n": "Cas-Cyg", "es": "", "loc": [0, 0], "p": 6 },
      "geometry": {
        "type": "MultiLineString",
        "coordinates": [
          [
            [21.454, 60.2353],
            [14.1772, 60.7167],
            [-0.015, 61],
            [0.015, 61],
            [-49.642, 45.2803],
            [-62.3042, 8.8683]
          ]
        ]
      }
    },
    {
      "type": "Feature",
      "id": "Boo-Sgr",
      "properties": { "n": "Boo-Sgr", "es": "", "loc": [0, 0], "p": 6 },
      "geometry": {
        "type": "MultiLineString",
        "coordinates": [
          [
            [-165.9931, 38.3184],
            [-146.0847, 19.1824],
            [-112.6481, -26.432],
            [-90.015, -34.3]
          ]
        ]
      }
    }
  ]
}
