{
  "type": "FeatureCollection",
  "features": [
    {
      "type": "Feature",
      "ids": "1",
      "properties": {},
      "geometry": {
        "type": "MultiLineString",
        "coordinates": [
          [
            [56.2185, 50],
            [67.155, 50]
          ]
        ]
      }
    },
    {
      "type": "Feature",
      "ids": "2",
      "properties": {},
      "geometry": {
        "type": "MultiLineString",
        "coordinates": [
          [
            [-13.809, 50],
            [3.309, 50]
          ]
        ]
      }
    },
    {
      "type": "Feature",
      "ids": "3",
      "properties": {},
      "geometry": {
        "type": "MultiLineString",
        "coordinates": [
          [
            [83.784, 50],
            [85.1895, 50]
          ]
        ]
      }
    },
    {
      "type": "Feature",
      "ids": "4",
      "properties": {},
      "geometry": {
        "type": "MultiLineString",
        "coordinates": [
          [
            [-146.7765, 50],
            [-137.2815, 50]
          ]
        ]
      }
    },
    {
      "type": "Feature",
      "ids": "5",
      "properties": {},
      "geometry": {
        "type": "MultiLineString",
        "coordinates": [
          [
            [-88.548, 50],
            [-78.585, 50]
          ]
        ]
      }
    },
    {
      "type": "Feature",
      "ids": "6",
      "properties": {},
      "geometry": {
        "type": "MultiLineString",
        "coordinates": [
          [
            [-137.2815, 50],
            [-120.2865, 50]
          ]
        ]
      }
    },
    {
      "type": "Feature",
      "ids": "7",
      "properties": {},
      "geometry": {
        "type": "MultiLineString",
        "coordinates": [
          [
            [95.7405, 50],
            [127.899, 50]
          ]
        ]
      }
    },
    {
      "type": "Feature",
      "ids": "8",
      "properties": {},
      "geometry": {
        "type": "MultiLineString",
        "coordinates": [
          [
            [-107.0325, 50],
            [-88.548, 50]
          ]
        ]
      }
    },
    {
      "type": "Feature",
      "ids": "9",
      "properties": {},
      "geometry": {
        "type": "MultiLineString",
        "coordinates": [
          [
            [-176.049, 50],
            [-158.7015, 50]
          ]
        ]
      }
    },
    {
      "type": "Feature",
      "ids": "10",
      "properties": {},
      "geometry": {
        "type": "MultiLineString",
        "coordinates": [
          [
            [85.1895, 50],
            [95.7405, 50]
          ]
        ]
      }
    },
    {
      "type": "Feature",
      "ids": "11",
      "properties": {},
      "geometry": {
        "type": "MultiLineString",
        "coordinates": [
          [
            [-158.7015, 50],
            [-146.7765, 50]
          ]
        ]
      }
    },
    {
      "type": "Feature",
      "ids": "12",
      "properties": {},
      "geometry": {
        "type": "MultiLineString",
        "coordinates": [
          [
            [3.309, 50],
            [14.301, 50]
          ]
        ]
      }
    },
    {
      "type": "Feature",
      "ids": "13",
      "properties": {},
      "geometry": {
        "type": "MultiLineString",
        "coordinates": [
          [
            [127.899, 50],
            [129.414, 50]
          ]
        ]
      }
    },
    {
      "type": "Feature",
      "ids": "14",
      "properties": {},
      "geometry": {
        "type": "MultiLineString",
        "coordinates": [
          [
            [14.301, 50],
            [28.6605, 50]
          ]
        ]
      }
    },
    {
      "type": "Feature",
      "ids": "15",
      "properties": {},
      "geometry": {
        "type": "MultiLineString",
        "coordinates": [
          [
            [40.863, 50],
            [56.2185, 50]
          ]
        ]
      }
    },
    {
      "type": "Feature",
      "ids": "16",
      "properties": {},
      "geometry": {
        "type": "MultiLineString",
        "coordinates": [
          [
            [-78.585, 50],
            [-54.747, 50]
          ]
        ]
      }
    },
    {
      "type": "Feature",
      "ids": "17",
      "properties": {},
      "geometry": {
        "type": "MultiLineString",
        "coordinates": [
          [
            [-54.747, 50],
            [-48.081, 50]
          ]
        ]
      }
    },
    {
      "type": "Feature",
      "ids": "18",
      "properties": {},
      "geometry": {
        "type": "MultiLineString",
        "coordinates": [
          [
            [-28.554, 50],
            [-13.809, 50]
          ]
        ]
      }
    },
    {
      "type": "Feature",
      "ids": "23",
      "properties": {},
      "geometry": {
        "type": "MultiLineString",
        "coordinates": [
          [
            [-37.11, 50],
            [-28.554, 50]
          ]
        ]
      }
    },
    {
      "type": "Feature",
      "ids": "24",
      "properties": {},
      "geometry": {
        "type": "MultiLineString",
        "coordinates": [
          [
            [-114.7035, 50],
            [-107.0325, 50]
          ]
        ]
      }
    },
    {
      "type": "Feature",
      "ids": "25",
      "properties": {},
      "geometry": {
        "type": "MultiLineString",
        "coordinates": [
          [
            [28.6605, 50],
            [40.863, 50]
          ]
        ]
      }
    },
    {
      "type": "Feature",
      "ids": "26",
      "properties": {},
      "geometry": {
        "type": "MultiLineString",
        "coordinates": [
          [
            [-120.2865, 50],
            [-114.7035, 50]
          ]
        ]
      }
    },
    {
      "type": "Feature",
      "ids": "27",
      "properties": {},
      "geometry": {
        "type": "MultiLineString",
        "coordinates": [
          [
            [129.414, 50],
            [141.897, 50]
          ]
        ]
      }
    },
    {
      "type": "Feature",
      "ids": "28",
      "properties": {},
      "geometry": {
        "type": "MultiLineString",
        "coordinates": [
          [
            [-48.081, 50],
            [-37.11, 50]
          ]
        ]
      }
    },
    {
      "type": "Feature",
      "ids": "29",
      "properties": {},
      "geometry": {
        "type": "MultiLineString",
        "coordinates": [
          [
            [147.87, 50],
            [164.9415, 50]
          ]
        ]
      }
    },
    {
      "type": "Feature",
      "ids": "30",
      "properties": {},
      "geometry": {
        "type": "MultiLineString",
        "coordinates": [
          [
            [141.897, 50],
            [147.87, 50]
          ]
        ]
      }
    },
    {
      "type": "Feature",
      "ids": "31",
      "properties": {},
      "geometry": {
        "type": "MultiLineString",
        "coordinates": [
          [
            [164.9415, 50],
            [-176.049, 50]
          ]
        ]
      }
    },
    {
      "type": "Feature",
      "ids": "34",
      "properties": {},
      "geometry": {
        "type": "MultiLineString",
        "coordinates": [
          [
            [67.155, 50],
            [83.784, 50]
          ]
        ]
      }
    },
    {
      "type": "Feature",
      "ids": "9,11",
      "properties": {},
      "geometry": {
        "type": "MultiLineString",
        "coordinates": [
          [
            [-158.7015, 50],
            [-158.7015, -11.1615],
            [-158.7015, -50]
          ]
        ]
      }
    },
    {
      "type": "Feature",
      "ids": "11",
      "properties": {},
      "geometry": {
        "type": "MultiLineString",
        "coordinates": [
          [
            [-158.7015, -50],
            [-146.7765, -50]
          ]
        ]
      }
    },
    {
      "type": "Feature",
      "ids": "11,4",
      "properties": {},
      "geometry": {
        "type": "MultiLineString",
        "coordinates": [
          [
            [-146.7765, 50],
            [-146.7765, -10.2729],
            [-146.7765, -50]
          ]
        ]
      }
    },
    {
      "type": "Feature",
      "ids": "4",
      "properties": {},
      "geometry": {
        "type": "MultiLineString",
        "coordinates": [
          [
            [-146.7765, -50],
            [-137.2815, -50]
          ]
        ]
      }
    },
    {
      "type": "Feature",
      "ids": "4,6",
      "properties": {},
      "geometry": {
        "type": "MultiLineString",
        "coordinates": [
          [
            [-137.2815, 50],
            [-137.2815, -16.0421],
            [-137.2815, -50]
          ]
        ]
      }
    },
    {
      "type": "Feature",
      "ids": "6",
      "properties": {},
      "geometry": {
        "type": "MultiLineString",
        "coordinates": [
          [
            [-137.2815, -50],
            [-120.2865, -50]
          ]
        ]
      }
    },
    {
      "type": "Feature",
      "ids": "6,26",
      "properties": {},
      "geometry": {
        "type": "MultiLineString",
        "coordinates": [
          [
            [-120.2865, 50],
            [-120.2865, -26.1142],
            [-120.2865, -50]
          ]
        ]
      }
    },
    {
      "type": "Feature",
      "ids": "26",
      "properties": {},
      "geometry": {
        "type": "MultiLineString",
        "coordinates": [
          [
            [-120.2865, -50],
            [-114.7035, -50]
          ]
        ]
      }
    },
    {
      "type": "Feature",
      "ids": "26,24",
      "properties": {},
      "geometry": {
        "type": "MultiLineString",
        "coordinates": [
          [
            [-114.7035, 50],
            [-114.7035, -25.5929],
            [-114.7035, -50]
          ]
        ]
      }
    },
    {
      "type": "Feature",
      "ids": "24",
      "properties": {},
      "geometry": {
        "type": "MultiLineString",
        "coordinates": [
          [
            [-114.7035, -50],
            [-107.0325, -50]
          ]
        ]
      }
    },
    {
      "type": "Feature",
      "ids": "24,8",
      "properties": {},
      "geometry": {
        "type": "MultiLineString",
        "coordinates": [
          [
            [-107.0325, 50],
            [-107.0325, -38.0475],
            [-107.0325, -50]
          ]
        ]
      }
    },
    {
      "type": "Feature",
      "ids": "8",
      "properties": {},
      "geometry": {
        "type": "MultiLineString",
        "coordinates": [
          [
            [-107.0325, -50],
            [-88.548, -50]
          ]
        ]
      }
    },
    {
      "type": "Feature",
      "ids": "8,5",
      "properties": {},
      "geometry": {
        "type": "MultiLineString",
        "coordinates": [
          [
            [-88.548, 50],
            [-88.548, -30.4252],
            [-88.548, -50]
          ]
        ]
      }
    },
    {
      "type": "Feature",
      "ids": "5",
      "properties": {},
      "geometry": {
        "type": "MultiLineString",
        "coordinates": [
          [
            [-88.548, -50],
            [-78.585, -50]
          ]
        ]
      }
    },
    {
      "type": "Feature",
      "ids": "5,16",
      "properties": {},
      "geometry": {
        "type": "MultiLineString",
        "coordinates": [
          [
            [-78.585, 50],
            [-78.585, -26.9908],
            [-78.585, -50]
          ]
        ]
      }
    },
    {
      "type": "Feature",
      "ids": "16",
      "properties": {},
      "geometry": {
        "type": "MultiLineString",
        "coordinates": [
          [
            [-78.585, -50],
            [-54.747, -50]
          ]
        ]
      }
    },
    {
      "type": "Feature",
      "ids": "16,17",
      "properties": {},
      "geometry": {
        "type": "MultiLineString",
        "coordinates": [
          [
            [-54.747, 50],
            [-54.747, -14.7814],
            [-54.747, -50]
          ]
        ]
      }
    },
    {
      "type": "Feature",
      "ids": "17",
      "properties": {},
      "geometry": {
        "type": "MultiLineString",
        "coordinates": [
          [
            [-54.747, -50],
            [-48.081, -50]
          ]
        ]
      }
    },
    {
      "type": "Feature",
      "ids": "17,28",
      "properties": {},
      "geometry": {
        "type": "MultiLineString",
        "coordinates": [
          [
            [-48.081, 50],
            [-48.081, -9.496],
            [-48.081, -50]
          ]
        ]
      }
    },
    {
      "type": "Feature",
      "ids": "28",
      "properties": {},
      "geometry": {
        "type": "MultiLineString",
        "coordinates": [
          [
            [-48.081, -50],
            [-37.11, -50]
          ]
        ]
      }
    },
    {
      "type": "Feature",
      "ids": "28,23",
      "properties": {},
      "geometry": {
        "type": "MultiLineString",
        "coordinates": [
          [
            [-37.11, 50],
            [-37.11, -5.5712],
            [-37.11, -50]
          ]
        ]
      }
    },
    {
      "type": "Feature",
      "ids": "23",
      "properties": {},
      "geometry": {
        "type": "MultiLineString",
        "coordinates": [
          [
            [-37.11, -50],
            [-28.554, -50]
          ]
        ]
      }
    },
    {
      "type": "Feature",
      "ids": "23,18",
      "properties": {},
      "geometry": {
        "type": "MultiLineString",
        "coordinates": [
          [
            [-28.554, 50],
            [-28.554, -0.3199],
            [-28.554, -50]
          ]
        ]
      }
    },
    {
      "type": "Feature",
      "ids": "18",
      "properties": {},
      "geometry": {
        "type": "MultiLineString",
        "coordinates": [
          [
            [-28.554, -50],
            [-13.809, -50]
          ]
        ]
      }
    },
    {
      "type": "Feature",
      "ids": "18,2",
      "properties": {},
      "geometry": {
        "type": "MultiLineString",
        "coordinates": [
          [
            [-13.809, 50],
            [-13.809, 15.2052],
            [-13.809, -50]
          ]
        ]
      }
    },
    {
      "type": "Feature",
      "ids": "2",
      "properties": {},
      "geometry": {
        "type": "MultiLineString",
        "coordinates": [
          [
            [-13.809, -50],
            [3.309, -50]
          ]
        ]
      }
    },
    {
      "type": "Feature",
      "ids": "2,12",
      "properties": {},
      "geometry": {
        "type": "MultiLineString",
        "coordinates": [
          [
            [3.309, 50],
            [3.309, 15.1836],
            [3.309, -50]
          ]
        ]
      }
    },
    {
      "type": "Feature",
      "ids": "12",
      "properties": {},
      "geometry": {
        "type": "MultiLineString",
        "coordinates": [
          [
            [3.309, -50],
            [14.301, -50]
          ]
        ]
      }
    },
    {
      "type": "Feature",
      "ids": "12,14",
      "properties": {},
      "geometry": {
        "type": "MultiLineString",
        "coordinates": [
          [
            [14.301, 50],
            [14.301, 24.4174],
            [14.301, -50]
          ]
        ]
      }
    },
    {
      "type": "Feature",
      "ids": "14",
      "properties": {},
      "geometry": {
        "type": "MultiLineString",
        "coordinates": [
          [
            [14.301, -50],
            [28.6605, -50]
          ]
        ]
      }
    },
    {
      "type": "Feature",
      "ids": "14,25",
      "properties": {},
      "geometry": {
        "type": "MultiLineString",
        "coordinates": [
          [
            [28.6605, 50],
            [28.6605, 20.8078],
            [28.6605, -50]
          ]
        ]
      }
    },
    {
      "type": "Feature",
      "ids": "25",
      "properties": {},
      "geometry": {
        "type": "MultiLineString",
        "coordinates": [
          [
            [28.6605, -50],
            [40.863, -50]
          ]
        ]
      }
    },
    {
      "type": "Feature",
      "ids": "25,15",
      "properties": {},
      "geometry": {
        "type": "MultiLineString",
        "coordinates": [
          [
            [40.863, 50],
            [40.863, 27.7071],
            [40.863, -50]
          ]
        ]
      }
    },
    {
      "type": "Feature",
      "ids": "15",
      "properties": {},
      "geometry": {
        "type": "MultiLineString",
        "coordinates": [
          [
            [40.863, -50],
            [56.2185, -50]
          ]
        ]
      }
    },
    {
      "type": "Feature",
      "ids": "15,1",
      "properties": {},
      "geometry": {
        "type": "MultiLineString",
        "coordinates": [
          [
            [56.2185, 50],
            [56.2185, 24.1132],
            [56.2185, -50]
          ]
        ]
      }
    },
    {
      "type": "Feature",
      "ids": "1",
      "properties": {},
      "geometry": {
        "type": "MultiLineString",
        "coordinates": [
          [
            [56.2185, -50],
            [67.155, -50]
          ]
        ]
      }
    },
    {
      "type": "Feature",
      "ids": "1,34",
      "properties": {},
      "geometry": {
        "type": "MultiLineString",
        "coordinates": [
          [
            [67.155, 50],
            [67.155, 19.1802],
            [67.155, -50]
          ]
        ]
      }
    },
    {
      "type": "Feature",
      "ids": "34",
      "properties": {},
      "geometry": {
        "type": "MultiLineString",
        "coordinates": [
          [
            [67.155, -50],
            [83.784, -50]
          ]
        ]
      }
    },
    {
      "type": "Feature",
      "ids": "34,3",
      "properties": {},
      "geometry": {
        "type": "MultiLineString",
        "coordinates": [
          [
            [83.784, 50],
            [83.784, 9.9341],
            [83.784, -50]
          ]
        ]
      }
    },
    {
      "type": "Feature",
      "ids": "3",
      "properties": {},
      "geometry": {
        "type": "MultiLineString",
        "coordinates": [
          [
            [83.784, -50],
            [85.1895, -50]
          ]
        ]
      }
    },
    {
      "type": "Feature",
      "ids": "3,10",
      "properties": {},
      "geometry": {
        "type": "MultiLineString",
        "coordinates": [
          [
            [85.1895, 50],
            [85.1895, -1.9426],
            [85.1895, -50]
          ]
        ]
      }
    },
    {
      "type": "Feature",
      "ids": "10",
      "properties": {},
      "geometry": {
        "type": "MultiLineString",
        "coordinates": [
          [
            [85.1895, -50],
            [95.7405, -50]
          ]
        ]
      }
    },
    {
      "type": "Feature",
      "ids": "10,7",
      "properties": {},
      "geometry": {
        "type": "MultiLineString",
        "coordinates": [
          [
            [95.7405, 50],
            [95.7405, 22.5132],
            [95.7405, -50]
          ]
        ]
      }
    },
    {
      "type": "Feature",
      "ids": "7",
      "properties": {},
      "geometry": {
        "type": "MultiLineString",
        "coordinates": [
          [
            [95.7405, -50],
            [127.899, -50]
          ]
        ]
      }
    },
    {
      "type": "Feature",
      "ids": "7,13",
      "properties": {},
      "geometry": {
        "type": "MultiLineString",
        "coordinates": [
          [
            [127.899, 50],
            [127.899, 18.0941],
            [127.899, -50]
          ]
        ]
      }
    },
    {
      "type": "Feature",
      "ids": "13",
      "properties": {},
      "geometry": {
        "type": "MultiLineString",
        "coordinates": [
          [
            [127.899, -50],
            [129.414, -50]
          ]
        ]
      }
    },
    {
      "type": "Feature",
      "ids": "13,27",
      "properties": {},
      "geometry": {
        "type": "MultiLineString",
        "coordinates": [
          [
            [129.414, 50],
            [129.414, 5.7038],
            [129.414, -50]
          ]
        ]
      }
    },
    {
      "type": "Feature",
      "ids": "27",
      "properties": {},
      "geometry": {
        "type": "MultiLineString",
        "coordinates": [
          [
            [129.414, -50],
            [141.897, -50]
          ]
        ]
      }
    },
    {
      "type": "Feature",
      "ids": "27,30",
      "properties": {},
      "geometry": {
        "type": "MultiLineString",
        "coordinates": [
          [
            [141.897, 50],
            [141.897, -8.6584],
            [141.897, -50]
          ]
        ]
      }
    },
    {
      "type": "Feature",
      "ids": "30",
      "properties": {},
      "geometry": {
        "type": "MultiLineString",
        "coordinates": [
          [
            [141.897, -50],
            [147.87, -50]
          ]
        ]
      }
    },
    {
      "type": "Feature",
      "ids": "30,29",
      "properties": {},
      "geometry": {
        "type": "MultiLineString",
        "coordinates": [
          [
            [147.87, 50],
            [147.87, -14.8467],
            [147.87, -50]
          ]
        ]
      }
    },
    {
      "type": "Feature",
      "ids": "29",
      "properties": {},
      "geometry": {
        "type": "MultiLineString",
        "coordinates": [
          [
            [147.87, -50],
            [164.9415, -50]
          ]
        ]
      }
    },
    {
      "type": "Feature",
      "ids": "29,31",
      "properties": {},
      "geometry": {
        "type": "MultiLineString",
        "coordinates": [
          [
            [164.9415, 50],
            [164.9415, -18.2979],
            [164.9415, -50]
          ]
        ]
      }
    },
    {
      "type": "Feature",
      "ids": "31",
      "properties": {},
      "geometry": {
        "type": "MultiLineString",
        "coordinates": [
          [
            [164.9415, -50],
            [-176.049, -50]
          ]
        ]
      }
    },
    {
      "type": "Feature",
      "ids": "31,9",
      "properties": {},
      "geometry": {
        "type": "MultiLineString",
        "coordinates": [
          [
            [-176.049, 50],
            [-176.049, -17.5419],
            [-176.049, -50]
          ]
        ]
      }
    },
    {
      "type": "Feature",
      "ids": "9",
      "properties": {},
      "geometry": {
        "type": "MultiLineString",
        "coordinates": [
          [
            [-176.049, -50],
            [-158.7015, -50]
          ]
        ]
      }
    }
  ]
}
