{
  "type": "FeatureCollection",
  "features": [
    {
      "type": "Feature",
      "id": "And",
      "properties": { "rank": "1" },
      "geometry": {
        "type": "Polygon",
        "coordinates": [
          [
            [-15.5347, 35.1682],
            [-15.6571, 53.168],
            [-8.5471, 53.187],
            [-8.5343, 50.687],
            [-4.7294, 50.6929],
            [-4.7239, 48.6929],
            [4.1464, 48.6949],
            [4.1433, 46.6949],
            [14.7761, 46.6758],
            [14.7889, 48.6757],
            [18.5884, 48.6633],
            [18.6059, 50.6632],
            [22.4079, 50.6479],
            [26.9685, 50.6257],
            [26.9314, 47.6258],
            [32.6215, 47.5928],
            [32.6738, 51.0926],
            [39.8855, 51.0424],
            [39.6793, 37.2932],
            [31.8711, 37.3471],
            [31.8543, 35.5971],
            [22.9108, 35.6453],
            [22.8974, 33.6454],
            [12.4431, 33.6819],
            [12.4135, 24.4319],
            [14.4241, 24.4266],
            [14.4148, 21.6766],
            [3.7399, 21.6952],
            [3.7406, 22.6952],
            [2.61, 22.6958],
            [2.6128, 28.6958],
            [1.6062, 28.696],
            [1.607, 32.0294],
            [-2.1713, 32.0285],
            [-2.1719, 32.7785],
            [-5.9508, 32.7746],
            [-5.9558, 35.1913],
            [-15.5347, 35.1682]
          ]
        ]
      }
    },
    {
      "type": "Feature",
      "id": "Ant",
      "properties": { "rank": "3" },
      "geometry": {
        "type": "Polygon",
        "coordinates": [
          [
            [141.9043, -24.5425],
            [141.7716, -37.292],
            [141.7341, -40.2919],
            [166.4565, -40.4246],
            [166.4794, -35.6747],
            [163.9585, -35.6665],
            [163.9779, -31.8332],
            [160.2014, -31.8186],
            [160.2129, -29.8186],
            [155.1813, -29.7948],
            [155.1993, -27.1282],
            [147.6593, -27.0835],
            [147.6797, -24.5836],
            [141.9043, -24.5425]
          ]
        ]
      }
    },
    {
      "type": "Feature",
      "id": "Aps",
      "properties": { "rank": "3" },
      "geometry": {
        "type": "Polygon",
        "coordinates": [
          [
            [-150.8889, -83.1201],
            [-83.134, -82.4583],
            [-85.8049, -74.9745],
            [-86.7199, -67.4801],
            [-94.2243, -67.5711],
            [-101.7575, -67.6611],
            [-101.5293, -70.1597],
            [-135.8336, -70.5115],
            [-152.5391, -70.6244],
            [-152.2186, -75.6236],
            [-150.8889, -83.1201]
          ]
        ]
      }
    },
    {
      "type": "Feature",
      "id": "Aqr",
      "properties": { "rank": "2" },
      "geometry": {
        "type": "Polygon",
        "coordinates": [
          [
            [-50.4012, 0.4362],
            [-50.4201, 2.4361],
            [-45.9189, 2.4773],
            [-38.4165, 2.5394],
            [-36.4157, 2.5544],
            [-36.4213, 3.3044],
            [-33.4198, 3.3257],
            [-33.4129, 2.3257],
            [-28.4112, 2.3576],
            [-28.4127, 2.6076],
            [-17.1578, 2.6622],
            [-17.1503, 0.6622],
            [-17.1353, -3.3378],
            [-0.8978, -3.3042],
            [-0.8967, -6.3042],
            [-0.8894, -24.8042],
            [-13.319, -24.825],
            [-30.2297, -24.904],
            [-30.3438, -8.4044],
            [-38.3316, -8.4603],
            [-38.2835, -14.4601],
            [-50.2561, -14.5631],
            [-50.3154, -8.5634],
            [-50.4012, 0.4362]
          ]
        ]
      }
    },
    {
      "type": "Feature",
      "id": "Aql",
      "properties": { "rank": "1" },
      "geometry": {
        "type": "Polygon",
        "coordinates": [
          [
            [-79.6498, 0.1155],
            [-79.6738, 2.1153],
            [-75.4236, 2.1659],
            [-75.474, 6.4156],
            [-78.5414, 6.3792],
            [-78.612, 12.1288],
            [-75.5437, 12.1652],
            [-75.6264, 18.6647],
            [-73.6245, 18.6882],
            [-73.5945, 16.3551],
            [-61.0788, 16.4957],
            [-61.074, 16.0791],
            [-56.441, 16.1275],
            [-56.3633, 8.8779],
            [-53.986, 8.9018],
            [-53.9209, 2.4021],
            [-50.4201, 2.4361],
            [-50.4012, 0.4362],
            [-50.3154, -8.5634],
            [-58.3063, -8.6431],
            [-58.2736, -11.6762],
            [-75.2559, -11.8664],
            [-75.3527, -3.8337],
            [-79.6018, -3.8842],
            [-79.6498, 0.1155]
          ]
        ]
      }
    },
    {
      "type": "Feature",
      "id": "Ara",
      "properties": { "rank": "3" },
      "geometry": {
        "type": "Polygon",
        "coordinates": [
          [
            [-110.9653, -60.2645],
            [-111.4294, -45.7671],
            [-90.1907, -45.5163],
            [-87.691, -45.486],
            [-87.3277, -56.9838],
            [-94.8318, -57.0748],
            [-94.2243, -67.5711],
            [-101.7575, -67.6611],
            [-104.275, -67.6906],
            [-104.4576, -65.1916],
            [-105.7165, -65.2063],
            [-105.8049, -63.7901],
            [-108.3237, -63.819],
            [-108.4622, -61.2365],
            [-110.9184, -61.2642],
            [-110.9653, -60.2645]
          ]
        ]
      }
    },
    {
      "type": "Feature",
      "id": "Ari",
      "properties": { "rank": "1" },
      "geometry": {
        "type": "Polygon",
        "coordinates": [
          [
            [31.6652, 10.5144],
            [26.6557, 10.5432],
            [26.7447, 25.6263],
            [30.5137, 25.6051],
            [30.5306, 27.855],
            [38.0701, 27.8048],
            [38.1032, 31.2213],
            [42.6284, 31.1865],
            [52.4267, 31.1004],
            [52.2906, 19.4343],
            [51.0372, 19.4461],
            [50.9464, 10.3632],
            [31.6652, 10.5144]
          ]
        ]
      }
    },
    {
      "type": "Feature",
      "id": "Aur",
      "properties": { "rank": "1" },
      "geometry": {
        "type": "Polygon",
        "coordinates": [
          [
            [69.4869, 30.9219],
            [69.5738, 36.2547],
            [72.4573, 36.2219],
            [72.8403, 52.7196],
            [77.4848, 52.6656],
            [77.6068, 56.1648],
            [94.1311, 55.9658],
            [94.0574, 53.9663],
            [100.046, 53.8938],
            [99.9195, 49.8946],
            [104.4064, 49.841],
            [104.2653, 44.3418],
            [112.7341, 44.2435],
            [112.5607, 35.2445],
            [100.0903, 35.3906],
            [99.9657, 27.8913],
            [90.2211, 28.0093],
            [90.2289, 28.5092],
            [73.2125, 28.7124],
            [73.2353, 30.2123],
            [69.4768, 30.2553],
            [69.4869, 30.9219]
          ]
        ]
      }
    },
    {
      "type": "Feature",
      "id": "Boo",
      "properties": { "rank": "1" },
      "geometry": {
        "type": "Polygon",
        "coordinates": [
          [
            [-132.2185, 7.5254],
            [-155.9362, 7.3606],
            [-155.9711, 14.3605],
            [-156.0461, 27.8603],
            [-149.2112, 27.8977],
            [-149.2291, 30.1476],
            [-148.1111, 30.1545],
            [-148.3013, 47.9039],
            [-148.4156, 54.9036],
            [-142.7488, 54.9422],
            [-130.4089, 55.0449],
            [-130.3426, 52.5452],
            [-122.9155, 52.6175],
            [-122.8754, 51.1177],
            [-122.6346, 39.6189],
            [-127.3563, 39.5721],
            [-127.253, 32.5726],
            [-130.9841, 32.5377],
            [-130.9005, 25.5381],
            [-132.3945, 25.5246],
            [-132.2185, 7.5254]
          ]
        ]
      }
    },
    {
      "type": "Feature",
      "id": "Cae",
      "properties": { "rank": "3" },
      "geometry": {
        "type": "Polygon",
        "coordinates": [
          [
            [65.0764, -39.7007],
            [64.8824, -48.6997],
            [68.3622, -48.7384],
            [68.4241, -46.2388],
            [73.4021, -46.2959],
            [73.4824, -42.7964],
            [75.9744, -42.8256],
            [76.2549, -27.0772],
            [73.7593, -27.048],
            [71.7633, -27.0249],
            [71.7224, -29.7746],
            [69.9767, -29.7547],
            [69.8624, -36.754],
            [65.1299, -36.701],
            [65.0764, -39.7007]
          ]
        ]
      }
    },
    {
      "type": "Feature",
      "id": "Cam",
      "properties": { "rank": "2" },
      "geometry": {
        "type": "Polygon",
        "coordinates": [
          [
            [94.1311, 55.9658],
            [77.6068, 56.1648],
            [77.4848, 52.6656],
            [72.8403, 52.7196],
            [52.3131, 52.9366],
            [52.3819, 55.4363],
            [49.854, 55.4597],
            [49.9135, 57.4594],
            [48.9009, 57.4685],
            [49.3955, 68.4663],
            [54.237, 68.4214],
            [55.3087, 77.4163],
            [56.7262, 77.4026],
            [57.5305, 80.3987],
            [80.4889, 80.1479],
            [84.5361, 85.1239],
            [127.9536, 84.6104],
            [130.4028, 86.0975],
            [-146.977, 85.9308],
            [-143.2171, 79.445],
            [-156.1908, 79.3629],
            [-155.843, 76.3638],
            [-164.1794, 76.3289],
            [174.4348, 76.3084],
            [174.5316, 79.3083],
            [162.8186, 79.3402],
            [163.1054, 81.3396],
            [142.1912, 81.4678],
            [140.6155, 72.9741],
            [123.0862, 73.1384],
            [122.1291, 59.6434],
            [107.7532, 59.8037],
            [107.8516, 61.8031],
            [94.4075, 61.9641],
            [94.1311, 55.9658]
          ]
        ]
      }
    },
    {
      "type": "Feature",
      "id": "Cnc",
      "properties": { "rank": "2" },
      "geometry": {
        "type": "Polygon",
        "coordinates": [
          [
            [140.4043, 6.4701],
            [122.9214, 6.6302],
            [120.5483, 6.655],
            [120.5807, 9.6548],
            [118.8325, 9.6734],
            [118.8716, 13.1732],
            [118.9475, 19.6728],
            [120.0701, 19.6608],
            [120.1716, 27.6603],
            [121.916, 27.6419],
            [121.9932, 33.1415],
            [140.646, 32.9691],
            [140.4043, 6.4701]
          ]
        ]
      }
    },
    {
      "type": "Feature",
      "id": "CVn",
      "properties": { "rank": "2" },
      "geometry": {
        "type": "Polygon",
        "coordinates": [
          [
            [-178.4055, 33.304],
            [-178.4086, 44.304],
            [-177.1736, 44.3043],
            [-177.1815, 52.3043],
            [-156.2576, 52.3598],
            [-156.2049, 47.8599],
            [-148.3013, 47.9039],
            [-148.1111, 30.1545],
            [-149.2291, 30.1476],
            [-149.2112, 27.8977],
            [-156.0461, 27.8603],
            [-159.7734, 27.8438],
            [-159.7923, 31.3437],
            [-173.4423, 31.3074],
            [-173.4457, 33.3074],
            [-178.4055, 33.304]
          ]
        ]
      }
    },
    {
      "type": "Feature",
      "id": "CMa",
      "properties": { "rank": "1" },
      "geometry": {
        "type": "Polygon",
        "coordinates": [
          [
            [93.2156, -11.0302],
            [111.9734, -11.2521],
            [111.6772, -33.2505],
            [99.9039, -33.1128],
            [92.8991, -33.0282],
            [92.9926, -27.2788],
            [93.2156, -11.0302]
          ]
        ]
      }
    },
    {
      "type": "Feature",
      "id": "CMi",
      "properties": { "rank": "2" },
      "geometry": {
        "type": "Polygon",
        "coordinates": [
          [
            [122.849, -0.3694],
            [109.5997, -0.2243],
            [109.6169, 1.2756],
            [106.8674, 1.3074],
            [106.9143, 5.3072],
            [106.6643, 5.3101],
            [106.7179, 9.8098],
            [106.7482, 12.3096],
            [114.241, 12.2239],
            [114.2527, 13.2238],
            [118.8716, 13.1732],
            [118.8325, 9.6734],
            [120.5807, 9.6548],
            [120.5483, 6.655],
            [122.9214, 6.6302],
            [122.849, -0.3694]
          ]
        ]
      }
    },
    {
      "type": "Feature",
      "id": "Cap",
      "properties": { "rank": "2" },
      "geometry": {
        "type": "Polygon",
        "coordinates": [
          [
            [-50.3154, -8.5634],
            [-58.3063, -8.6431],
            [-58.2736, -11.6762],
            [-58.084, -27.6419],
            [-53.102, -27.5913],
            [-38.1684, -27.4597],
            [-38.1922, -24.9598],
            [-30.2297, -24.904],
            [-30.3438, -8.4044],
            [-38.3316, -8.4603],
            [-38.2835, -14.4601],
            [-50.2561, -14.5631],
            [-50.3154, -8.5634]
          ]
        ]
      }
    },
    {
      "type": "Feature",
      "id": "Car",
      "properties": { "rank": "1" },
      "geometry": {
        "type": "Polygon",
        "coordinates": [
          [
            [170.1559, -57.1843],
            [166.3373, -57.1744],
            [133.3237, -56.974],
            [133.3802, -54.9742],
            [127.5671, -54.9205],
            [127.6093, -53.4207],
            [123.3201, -53.3782],
            [123.3811, -51.1285],
            [120.8617, -51.1026],
            [90.7489, -50.7545],
            [90.6937, -52.5042],
            [93.1944, -52.5346],
            [93.1074, -55.034],
            [98.1143, -55.0946],
            [97.9951, -58.0938],
            [103.0111, -58.1537],
            [102.7033, -64.1519],
            [136.0947, -64.499],
            [135.2437, -75.4955],
            [169.857, -75.684],
            [170.0848, -64.6843],
            [170.1559, -57.1843]
          ]
        ]
      }
    },
    {
      "type": "Feature",
      "id": "Cas",
      "properties": { "rank": "1" },
      "geometry": {
        "type": "Polygon",
        "coordinates": [
          [
            [-15.6571, 53.168],
            [-15.696, 56.918],
            [-15.7309, 59.7512],
            [-11.1403, 59.7647],
            [-11.1835, 63.6813],
            [-4.7824, 63.6929],
            [-4.8021, 66.6929],
            [6.7638, 66.6924],
            [6.9229, 77.6923],
            [55.3087, 77.4163],
            [54.237, 68.4214],
            [49.3955, 68.4663],
            [48.9009, 57.4685],
            [38.7623, 57.5513],
            [38.8024, 59.0512],
            [30.7956, 59.1046],
            [30.7736, 58.1047],
            [27.5952, 58.1227],
            [27.5336, 54.6229],
            [22.456, 54.6478],
            [22.4079, 50.6479],
            [18.6059, 50.6632],
            [18.5884, 48.6633],
            [14.7889, 48.6757],
            [14.7761, 46.6758],
            [4.1433, 46.6949],
            [4.1464, 48.6949],
            [-4.7239, 48.6929],
            [-4.7294, 50.6929],
            [-8.5343, 50.687],
            [-8.5471, 53.187],
            [-15.6571, 53.168]
          ]
        ]
      }
    },
    {
      "type": "Feature",
      "id": "Cen",
      "properties": { "rank": "1" },
      "geometry": {
        "type": "Polygon",
        "coordinates": [
          [
            [166.4794, -35.6747],
            [166.4565, -40.4246],
            [166.3373, -57.1744],
            [170.1559, -57.1843],
            [170.0848, -64.6843],
            [179.0574, -64.6958],
            [179.0708, -55.6958],
            [-165.6655, -55.6771],
            [-165.5616, -64.677],
            [-155.3197, -64.6379],
            [-139.485, -64.539],
            [-139.7655, -55.5401],
            [-145.3432, -55.58],
            [-145.5497, -42.5806],
            [-134.2037, -42.4942],
            [-134.3692, -29.9949],
            [-169.5826, -30.1864],
            [-169.5728, -33.6864],
            [-174.6126, -33.6939],
            [-174.6097, -35.6939],
            [166.4794, -35.6747]
          ]
        ]
      }
    },
    {
      "type": "Feature",
      "id": "Cep",
      "properties": { "rank": "2" },
      "geometry": {
        "type": "Polygon",
        "coordinates": [
          [
            [-59.4267, 59.8511],
            [-59.5148, 61.8506],
            [-53.1881, 61.9144],
            [-53.4826, 67.413],
            [-49.666, 67.449],
            [-50.427, 75.4455],
            [-58.1266, 75.3709],
            [-59.3262, 80.3648],
            [-46.2941, 80.4868],
            [-51.279, 86.4656],
            [-51.6686, 86.6306],
            [-16.4893, 86.8369],
            [-20.739, 88.6639],
            [0.9483, 88.6092],
            [24.7077, 88.3564],
            [57.6647, 88.0063],
            [135.8325, 87.5689],
            [130.4028, 86.0975],
            [127.9536, 84.6104],
            [84.5361, 85.1239],
            [80.4889, 80.1479],
            [57.5305, 80.3987],
            [56.7262, 77.4026],
            [55.3087, 77.4163],
            [6.9229, 77.6923],
            [6.7638, 66.6924],
            [-4.8021, 66.6929],
            [-4.7824, 63.6929],
            [-11.1835, 63.6813],
            [-11.1403, 59.7647],
            [-15.7309, 59.7512],
            [-15.696, 56.918],
            [-24.0891, 56.8826],
            [-24.0687, 55.6326],
            [-26.8624, 55.6178],
            [-26.8253, 53.3679],
            [-29.3608, 53.3533],
            [-29.3978, 55.4365],
            [-50.1686, 55.2753],
            [-50.3762, 61.3577],
            [-51.3392, 61.3486],
            [-51.2834, 59.9322],
            [-59.4267, 59.8511]
          ]
        ]
      }
    },
    {
      "type": "Feature",
      "id": "Cet",
      "properties": { "rank": "1" },
      "geometry": {
        "type": "Polygon",
        "coordinates": [
          [
            [6.6013, 0.6925],
            [6.6038, 2.6925],
            [31.6153, 2.5979],
            [31.6652, 10.5144],
            [50.9464, 10.3632],
            [50.853, 0.447],
            [50.8367, -1.303],
            [41.3392, -1.221],
            [41.1488, -23.8536],
            [26.466, -23.7563],
            [26.4589, -24.8729],
            [-0.8894, -24.8042],
            [-0.8967, -6.3042],
            [6.5927, -6.3075],
            [6.6013, 0.6925]
          ]
        ]
      }
    },
    {
      "type": "Feature",
      "id": "Cha",
      "properties": { "rank": "3" },
      "geometry": {
        "type": "Polygon",
        "coordinates": [
          [
            [111.6521, -82.7759],
            [-150.8889, -83.1201],
            [-152.2186, -75.6236],
            [169.857, -75.684],
            [135.2437, -75.4955],
            [114.2147, -75.2899],
            [111.6521, -82.7759]
          ]
        ]
      }
    },
    {
      "type": "Feature",
      "id": "Cir",
      "properties": { "rank": "3" },
      "geometry": {
        "type": "Polygon",
        "coordinates": [
          [
            [-155.3197, -64.6379],
            [-155.2925, -65.6379],
            [-152.732, -65.625],
            [-152.5391, -70.6244],
            [-135.8336, -70.5115],
            [-135.9964, -68.0122],
            [-133.4429, -67.9909],
            [-133.6465, -64.0751],
            [-129.8334, -64.0416],
            [-129.9454, -61.4587],
            [-127.4102, -61.4353],
            [-127.4501, -60.4355],
            [-127.6181, -55.4363],
            [-131.9165, -55.4755],
            [-139.7655, -55.5401],
            [-139.485, -64.539],
            [-155.3197, -64.6379]
          ]
        ]
      }
    },
    {
      "type": "Feature",
      "id": "Col",
      "properties": { "rank": "3" },
      "geometry": {
        "type": "Polygon",
        "coordinates": [
          [
            [75.9744, -42.8256],
            [76.2549, -27.0772],
            [92.9926, -27.2788],
            [92.8991, -33.0282],
            [99.9039, -33.1128],
            [99.7089, -43.1116],
            [90.9518, -43.0058],
            [75.9744, -42.8256]
          ]
        ]
      }
    },
    {
      "type": "Feature",
      "id": "Com",
      "properties": { "rank": "3" },
      "geometry": {
        "type": "Polygon",
        "coordinates": [
          [
            [179.6045, 13.304],
            [179.6089, 28.304],
            [-178.4043, 28.304],
            [-178.4055, 33.304],
            [-173.4457, 33.3074],
            [-173.4423, 31.3074],
            [-159.7923, 31.3437],
            [-159.7734, 27.8438],
            [-156.0461, 27.8603],
            [-155.9711, 14.3605],
            [-165.9409, 14.3225],
            [-165.938, 13.3225],
            [179.6045, 13.304]
          ]
        ]
      }
    },
    {
      "type": "Feature",
      "id": "CrA",
      "properties": { "rank": "3" },
      "geometry": {
        "type": "Polygon",
        "coordinates": [
          [
            [-90.3745, -37.0175],
            [-70.4037, -36.7786],
            [-70.2304, -45.2776],
            [-87.691, -45.486],
            [-90.1907, -45.5163],
            [-90.3745, -37.0175]
          ]
        ]
      }
    },
    {
      "type": "Feature",
      "id": "CrB",
      "properties": { "rank": "2" },
      "geometry": {
        "type": "Polygon",
        "coordinates": [
          [
            [-130.9005, 25.5381],
            [-130.9841, 32.5377],
            [-127.253, 32.5726],
            [-127.3563, 39.5721],
            [-122.6346, 39.6189],
            [-113.9281, 39.7117],
            [-113.7202, 26.7129],
            [-116.2133, 26.6855],
            [-116.1998, 25.6856],
            [-118.1943, 25.6641],
            [-130.9005, 25.5381]
          ]
        ]
      }
    },
    {
      "type": "Feature",
      "id": "Crv",
      "properties": { "rank": "3" },
      "geometry": {
        "type": "Polygon",
        "coordinates": [
          [
            [-165.8669, -11.6774],
            [179.0968, -11.6958],
            [179.0913, -25.1958],
            [-169.5955, -25.1864],
            [-169.6015, -22.6864],
            [-165.8331, -22.6773],
            [-165.8669, -11.6774]
          ]
        ]
      }
    },
    {
      "type": "Feature",
      "id": "Crt",
      "properties": { "rank": "3" },
      "geometry": {
        "type": "Polygon",
        "coordinates": [
          [
            [162.8271, -6.6622],
            [162.8079, -11.6621],
            [162.7755, -19.6621],
            [164.0306, -19.6666],
            [164.0081, -25.1666],
            [179.0913, -25.1958],
            [179.0968, -11.6958],
            [179.0986, -6.6958],
            [174.3423, -6.6917],
            [162.8271, -6.6622]
          ]
        ]
      }
    },
    {
      "type": "Feature",
      "id": "Cru",
      "properties": { "rank": "2" },
      "geometry": {
        "type": "Polygon",
        "coordinates": [
          [
            [179.0708, -55.6958],
            [179.0574, -64.6958],
            [-165.5616, -64.677],
            [-165.6655, -55.6771],
            [179.0708, -55.6958]
          ]
        ]
      }
    },
    {
      "type": "Feature",
      "id": "Cyg",
      "properties": { "rank": "1" },
      "geometry": {
        "type": "Polygon",
        "coordinates": [
          [
            [-69.8674, 27.7324],
            [-69.9047, 30.2322],
            [-68.4012, 30.2493],
            [-68.5074, 36.7487],
            [-67.8803, 36.7558],
            [-68.0165, 43.755],
            [-71.5297, 43.7149],
            [-71.6245, 47.7144],
            [-72.8794, 47.6999],
            [-73.1235, 55.6984],
            [-68.0954, 55.756],
            [-68.1904, 58.2555],
            [-62.8994, 58.3139],
            [-62.9608, 59.8135],
            [-59.4267, 59.8511],
            [-51.2834, 59.9322],
            [-51.3392, 61.3486],
            [-50.3762, 61.3577],
            [-50.1686, 55.2753],
            [-29.3978, 55.4365],
            [-29.3608, 53.3533],
            [-29.2373, 44.6036],
            [-30.1214, 44.5983],
            [-30.1184, 44.3483],
            [-30.6234, 44.3451],
            [-30.539, 36.5954],
            [-32.68, 36.5815],
            [-32.6048, 28.5818],
            [-37.3798, 28.5481],
            [-44.9161, 28.4872],
            [-44.9274, 29.4871],
            [-63.7491, 29.3011],
            [-63.7278, 27.8012],
            [-69.8674, 27.7324]
          ]
        ]
      }
    },
    {
      "type": "Feature",
      "id": "Del",
      "properties": { "rank": "3" },
      "geometry": {
        "type": "Polygon",
        "coordinates": [
          [
            [-50.4201, 2.4361],
            [-53.9209, 2.4021],
            [-53.986, 8.9018],
            [-56.3633, 8.8779],
            [-56.441, 16.1275],
            [-54.8131, 16.144],
            [-54.866, 20.8937],
            [-50.1031, 20.9399],
            [-50.0923, 19.94],
            [-42.8212, 20.0046],
            [-42.7516, 12.3383],
            [-45.3814, 12.3158],
            [-45.3289, 6.4827],
            [-45.9545, 6.4772],
            [-45.9189, 2.4773],
            [-50.4201, 2.4361]
          ]
        ]
      }
    },
    {
      "type": "Feature",
      "id": "Dor",
      "properties": { "rank": "3" },
      "geometry": {
        "type": "Polygon",
        "coordinates": [
          [
            [58.3188, -52.7968],
            [60.7979, -52.8228],
            [60.6929, -56.1556],
            [65.6505, -56.2094],
            [65.5546, -58.7089],
            [69.2745, -58.7507],
            [68.794, -67.2479],
            [68.5815, -69.7467],
            [98.4544, -70.1041],
            [98.9372, -64.107],
            [90.1736, -64.0011],
            [90.3451, -61.0021],
            [82.8576, -60.9113],
            [83.0188, -57.4123],
            [75.5477, -57.323],
            [75.677, -53.8238],
            [68.2177, -53.7376],
            [68.3622, -48.7384],
            [64.8824, -48.6997],
            [62.1499, -48.67],
            [62.0986, -50.6697],
            [58.3772, -50.6305],
            [58.3188, -52.7968]
          ]
        ]
      }
    },
    {
      "type": "Feature",
      "id": "Dra",
      "properties": { "rank": "2" },
      "geometry": {
        "type": "Polygon",
        "coordinates": [
          [
            [140.6155, 72.9741],
            [142.1912, 81.4678],
            [163.1054, 81.3396],
            [162.8186, 79.3402],
            [174.5316, 79.3083],
            [174.4348, 76.3084],
            [-164.1794, 76.3289],
            [-163.9025, 69.3294],
            [-149.3492, 69.3991],
            [-149.1794, 65.3997],
            [-124.6704, 65.6023],
            [-124.9494, 69.6009],
            [-112.1589, 69.7383],
            [-112.7793, 74.7348],
            [-98.4634, 74.9033],
            [-99.7821, 79.8953],
            [-92.344, 79.9857],
            [-98.2778, 85.9496],
            [-51.279, 86.4656],
            [-46.2941, 80.4868],
            [-59.3262, 80.3648],
            [-58.1266, 75.3709],
            [-50.427, 75.4455],
            [-49.666, 67.449],
            [-53.4826, 67.413],
            [-53.1881, 61.9144],
            [-59.5148, 61.8506],
            [-59.4267, 59.8511],
            [-62.9608, 59.8135],
            [-62.8994, 58.3139],
            [-68.1904, 58.2555],
            [-68.0954, 55.756],
            [-73.1235, 55.6984],
            [-72.8794, 47.6999],
            [-85.6576, 47.5476],
            [-85.7423, 50.5471],
            [-104.2136, 50.3244],
            [-104.2432, 51.3243],
            [-122.8754, 51.1177],
            [-122.9155, 52.6175],
            [-130.3426, 52.5452],
            [-130.4089, 55.0449],
            [-142.7488, 54.9422],
            [-142.9547, 62.4415],
            [-156.4264, 62.3594],
            [-156.4495, 63.3593],
            [-178.4184, 63.304],
            [-178.4207, 65.804],
            [171.8493, 65.8126],
            [171.9614, 72.8125],
            [140.6155, 72.9741]
          ]
        ]
      }
    },
    {
      "type": "Feature",
      "id": "Equ",
      "properties": { "rank": "3" },
      "geometry": {
        "type": "Polygon",
        "coordinates": [
          [
            [-45.9189, 2.4773],
            [-45.9545, 6.4772],
            [-45.3289, 6.4827],
            [-45.3814, 12.3158],
            [-42.7516, 12.3383],
            [-41.7497, 12.3466],
            [-41.7555, 13.0132],
            [-38.4989, 13.0391],
            [-38.4165, 2.5394],
            [-45.9189, 2.4773]
          ]
        ]
      }
    },
    {
      "type": "Feature",
      "id": "Eri",
      "properties": { "rank": "1" },
      "geometry": {
        "type": "Polygon",
        "coordinates": [
          [
            [55.3529, 0.4037],
            [70.8524, 0.2375],
            [71.6023, 0.2289],
            [71.5564, -3.7708],
            [77.8044, -3.8437],
            [77.72, -10.8432],
            [75.2218, -10.8138],
            [75.1787, -14.3136],
            [73.9298, -14.299],
            [73.7593, -27.048],
            [71.7633, -27.0249],
            [71.7224, -29.7746],
            [69.9767, -29.7547],
            [69.8624, -36.754],
            [65.1299, -36.701],
            [65.0764, -39.7007],
            [59.1059, -39.6368],
            [59.0314, -43.6364],
            [52.3268, -43.5694],
            [52.289, -45.5692],
            [46.0908, -45.5125],
            [46.0345, -48.5122],
            [41.0853, -48.471],
            [41.0477, -50.4709],
            [37.3412, -50.4426],
            [37.2833, -53.4424],
            [33.5841, -53.4165],
            [33.4894, -57.9162],
            [21.2062, -57.8484],
            [21.2733, -52.8486],
            [24.9674, -52.8659],
            [24.9938, -50.8659],
            [28.6933, -50.8859],
            [28.7383, -47.5527],
            [36.1529, -47.6005],
            [36.264, -39.4342],
            [46.1873, -39.5129],
            [46.1933, -39.0963],
            [53.6443, -39.1651],
            [53.6996, -35.582],
            [57.4305, -35.6192],
            [57.5889, -24.0034],
            [41.1488, -23.8536],
            [41.3392, -1.221],
            [50.8367, -1.303],
            [55.3356, -1.3462],
            [55.3529, 0.4037]
          ]
        ]
      }
    },
    {
      "type": "Feature",
      "id": "For",
      "properties": { "rank": "3" },
      "geometry": {
        "type": "Polygon",
        "coordinates": [
          [
            [26.466, -23.7563],
            [41.1488, -23.8536],
            [57.5889, -24.0034],
            [57.4305, -35.6192],
            [53.6996, -35.582],
            [53.6443, -39.1651],
            [46.1933, -39.0963],
            [46.1873, -39.5129],
            [36.264, -39.4342],
            [26.3507, -39.3726],
            [26.4589, -24.8729],
            [26.466, -23.7563]
          ]
        ]
      }
    },
    {
      "type": "Feature",
      "id": "Gem",
      "properties": { "rank": "1" },
      "geometry": {
        "type": "Polygon",
        "coordinates": [
          [
            [96.3728, 11.9333],
            [96.4439, 17.4329],
            [95.0696, 17.4495],
            [95.1241, 21.4492],
            [90.1252, 21.5099],
            [90.144, 22.8431],
            [90.2211, 28.0093],
            [99.9657, 27.8913],
            [100.0903, 35.3906],
            [112.5607, 35.2445],
            [118.2897, 35.1811],
            [118.2581, 33.1812],
            [121.9932, 33.1415],
            [121.916, 27.6419],
            [120.1716, 27.6603],
            [120.0701, 19.6608],
            [118.9475, 19.6728],
            [118.8716, 13.1732],
            [114.2527, 13.2238],
            [114.241, 12.2239],
            [106.7482, 12.3096],
            [106.7179, 9.8098],
            [105.7185, 9.8215],
            [105.7428, 11.8213],
            [96.3728, 11.9333]
          ]
        ]
      }
    },
    {
      "type": "Feature",
      "id": "Gru",
      "properties": { "rank": "3" },
      "geometry": {
        "type": "Polygon",
        "coordinates": [
          [
            [-38.0719, -36.4593],
            [-37.9577, -44.9589],
            [-37.8826, -49.4586],
            [-28.0012, -49.3912],
            [-27.8863, -56.3908],
            [-8.2315, -56.3127],
            [-8.3073, -39.3128],
            [-8.3166, -36.3128],
            [-13.2725, -36.325],
            [-38.0719, -36.4593]
          ]
        ]
      }
    },
    {
      "type": "Feature",
      "id": "Her",
      "properties": { "rank": "2" },
      "geometry": {
        "type": "Polygon",
        "coordinates": [
          [
            [-114.4414, 3.7034],
            [-117.1903, 3.6735],
            [-117.3234, 15.6728],
            [-119.8189, 15.6463],
            [-119.889, 21.646],
            [-118.1434, 21.6644],
            [-118.1943, 25.6641],
            [-116.1998, 25.6856],
            [-116.2133, 26.6855],
            [-113.7202, 26.7129],
            [-113.9281, 39.7117],
            [-122.6346, 39.6189],
            [-122.8754, 51.1177],
            [-104.2432, 51.3243],
            [-104.2136, 50.3244],
            [-85.7423, 50.5471],
            [-85.6576, 47.5476],
            [-86.5331, 47.537],
            [-86.1756, 30.0392],
            [-83.2992, 30.074],
            [-83.2371, 26.0744],
            [-75.7301, 26.1641],
            [-75.7228, 25.6641],
            [-75.6609, 21.2478],
            [-75.6264, 18.6647],
            [-75.5437, 12.1652],
            [-78.612, 12.1288],
            [-84.7969, 12.0543],
            [-84.8267, 14.3875],
            [-99.8231, 14.206],
            [-99.8042, 12.7061],
            [-107.2985, 12.6179],
            [-107.1941, 3.7852],
            [-114.4414, 3.7034]
          ]
        ]
      }
    },
    {
      "type": "Feature",
      "id": "Hor",
      "properties": { "rank": "3" },
      "geometry": {
        "type": "Polygon",
        "coordinates": [
          [
            [65.0764, -39.7007],
            [64.8824, -48.6997],
            [62.1499, -48.67],
            [62.0986, -50.6697],
            [58.3772, -50.6305],
            [58.3188, -52.7968],
            [53.365, -52.7471],
            [53.2368, -57.0798],
            [48.7911, -57.0378],
            [48.3627, -67.0358],
            [33.2024, -66.9152],
            [33.4894, -57.9162],
            [33.5841, -53.4165],
            [37.2833, -53.4424],
            [37.3412, -50.4426],
            [41.0477, -50.4709],
            [41.0853, -48.471],
            [46.0345, -48.5122],
            [46.0908, -45.5125],
            [52.289, -45.5692],
            [52.3268, -43.5694],
            [59.0314, -43.6364],
            [59.1059, -39.6368],
            [65.0764, -39.7007]
          ]
        ]
      }
    },
    {
      "type": "Feature",
      "id": "Hya",
      "properties": { "rank": "2" },
      "geometry": {
        "type": "Polygon",
        "coordinates": [
          [
            [122.849, -0.3694],
            [122.9214, 6.6302],
            [140.4043, 6.4701],
            [145.3984, 6.4328],
            [145.3489, -0.5671],
            [145.2703, -11.5668],
            [162.8079, -11.6621],
            [162.7755, -19.6621],
            [164.0306, -19.6666],
            [164.0081, -25.1666],
            [179.0913, -25.1958],
            [-169.5955, -25.1864],
            [-169.6015, -22.6864],
            [-165.8331, -22.6773],
            [-144.4869, -22.5728],
            [-144.4663, -25.0727],
            [-134.4234, -24.9951],
            [-134.3692, -29.9949],
            [-169.5826, -30.1864],
            [-169.5728, -33.6864],
            [-174.6126, -33.6939],
            [-174.6097, -35.6939],
            [166.4794, -35.6747],
            [163.9585, -35.6665],
            [163.9779, -31.8332],
            [160.2014, -31.8186],
            [160.2129, -29.8186],
            [155.1813, -29.7948],
            [155.1993, -27.1282],
            [147.6593, -27.0835],
            [147.6797, -24.5836],
            [141.9043, -24.5425],
            [137.6368, -24.5086],
            [137.685, -19.5088],
            [130.1635, -19.4424],
            [130.1843, -17.4425],
            [126.9271, -17.4113],
            [126.9898, -11.4116],
            [122.7342, -11.3688],
            [122.849, -0.3694]
          ]
        ]
      }
    },
    {
      "type": "Feature",
      "id": "Hyi",
      "properties": { "rank": "3" },
      "geometry": {
        "type": "Polygon",
        "coordinates": [
          [
            [68.794, -67.2479],
            [68.5815, -69.7467],
            [67.9575, -74.7432],
            [52.0758, -74.5741],
            [50.0917, -82.0645],
            [1.5334, -81.804],
            [1.5663, -74.304],
            [12.3324, -74.3186],
            [12.2954, -75.3185],
            [20.6541, -75.3472],
            [21.2062, -57.8484],
            [33.4894, -57.9162],
            [33.2024, -66.9152],
            [48.3627, -67.0358],
            [68.794, -67.2479]
          ]
        ]
      }
    },
    {
      "type": "Feature",
      "id": "Ind",
      "properties": { "rank": "3" },
      "geometry": {
        "type": "Polygon",
        "coordinates": [
          [
            [-36.8152, -74.4545],
            [-8.0022, -74.3125],
            [-8.1386, -66.8126],
            [-27.6014, -66.89],
            [-27.8863, -56.3908],
            [-28.0012, -49.3912],
            [-37.8826, -49.4586],
            [-37.9577, -44.9589],
            [-52.8307, -45.09],
            [-52.5412, -56.5886],
            [-52.4352, -59.5881],
            [-37.6513, -59.4577],
            [-36.8152, -74.4545]
          ]
        ]
      }
    },
    {
      "type": "Feature",
      "id": "Lac",
      "properties": { "rank": "3" },
      "geometry": {
        "type": "Polygon",
        "coordinates": [
          [
            [-30.539, 36.5954],
            [-30.6234, 44.3451],
            [-30.1184, 44.3483],
            [-30.1214, 44.5983],
            [-29.2373, 44.6036],
            [-29.3608, 53.3533],
            [-26.8253, 53.3679],
            [-26.8624, 55.6178],
            [-24.0687, 55.6326],
            [-24.0891, 56.8826],
            [-15.696, 56.918],
            [-15.6571, 53.168],
            [-15.5347, 35.1682],
            [-16.2908, 35.1656],
            [-16.2935, 35.6656],
            [-28.6404, 35.6069],
            [-28.6495, 36.6069],
            [-30.539, 36.5954]
          ]
        ]
      }
    },
    {
      "type": "Feature",
      "id": "Leo",
      "properties": { "rank": "1" },
      "geometry": {
        "type": "Polygon",
        "coordinates": [
          [
            [162.8497, -0.6622],
            [162.876, 6.3377],
            [145.3984, 6.4328],
            [140.4043, 6.4701],
            [140.646, 32.9691],
            [150.0844, 32.9023],
            [150.0423, 27.9024],
            [159.2384, 27.8529],
            [159.2109, 22.853],
            [162.9425, 22.8376],
            [162.9515, 24.8376],
            [166.6809, 24.825],
            [166.694, 28.325],
            [179.6089, 28.304],
            [179.6045, 13.304],
            [179.6037, 10.304],
            [174.3657, 10.3083],
            [174.3505, -0.6917],
            [174.3423, -6.6917],
            [162.8271, -6.6622],
            [162.8497, -0.6622]
          ]
        ]
      }
    },
    {
      "type": "Feature",
      "id": "LMi",
      "properties": { "rank": "3" },
      "geometry": {
        "type": "Polygon",
        "coordinates": [
          [
            [140.646, 32.9691],
            [140.7216, 39.2188],
            [145.682, 39.1818],
            [145.7092, 41.4317],
            [154.3782, 41.3774],
            [154.3594, 39.3774],
            [163.5232, 39.3356],
            [163.4894, 33.3357],
            [166.7142, 33.325],
            [166.694, 28.325],
            [166.6809, 24.825],
            [162.9515, 24.8376],
            [162.9425, 22.8376],
            [159.2109, 22.853],
            [159.2384, 27.8529],
            [150.0423, 27.9024],
            [150.0844, 32.9023],
            [140.646, 32.9691]
          ]
        ]
      }
    },
    {
      "type": "Feature",
      "id": "Lep",
      "properties": { "rank": "3" },
      "geometry": {
        "type": "Polygon",
        "coordinates": [
          [
            [73.7593, -27.048],
            [76.2549, -27.0772],
            [92.9926, -27.2788],
            [93.2156, -11.0302],
            [88.9658, -10.9785],
            [77.72, -10.8432],
            [75.2218, -10.8138],
            [75.1787, -14.3136],
            [73.9298, -14.299],
            [73.7593, -27.048]
          ]
        ]
      }
    },
    {
      "type": "Feature",
      "id": "Lib",
      "properties": { "rank": "2" },
      "geometry": {
        "type": "Polygon",
        "coordinates": [
          [
            [-132.147, -0.4743],
            [-138.3969, -0.5269],
            [-138.3329, -8.5267],
            [-144.5915, -8.5731],
            [-144.4869, -22.5728],
            [-144.4663, -25.0727],
            [-134.4234, -24.9951],
            [-134.3692, -29.9949],
            [-123.07, -29.8896],
            [-123.1869, -20.3902],
            [-119.4282, -20.3516],
            [-119.5627, -8.3523],
            [-119.613, -3.6026],
            [-132.118, -3.7242],
            [-132.147, -0.4743]
          ]
        ]
      }
    },
    {
      "type": "Feature",
      "id": "Lup",
      "properties": { "rank": "3" },
      "geometry": {
        "type": "Polygon",
        "coordinates": [
          [
            [-145.3432, -55.58],
            [-139.7655, -55.5401],
            [-131.9165, -55.4755],
            [-131.9433, -54.4756],
            [-127.6466, -54.4364],
            [-127.7928, -48.4371],
            [-122.7527, -48.388],
            [-122.8754, -42.3886],
            [-117.8472, -42.3367],
            [-118.0523, -29.8378],
            [-123.07, -29.8896],
            [-134.3692, -29.9949],
            [-134.2037, -42.4942],
            [-145.5497, -42.5806],
            [-145.3432, -55.58]
          ]
        ]
      }
    },
    {
      "type": "Feature",
      "id": "Lyn",
      "properties": { "rank": "3" },
      "geometry": {
        "type": "Polygon",
        "coordinates": [
          [
            [112.5607, 35.2445],
            [112.7341, 44.2435],
            [104.2653, 44.3418],
            [104.4064, 49.841],
            [99.9195, 49.8946],
            [100.046, 53.8938],
            [94.0574, 53.9663],
            [94.1311, 55.9658],
            [94.4075, 61.9641],
            [107.8516, 61.8031],
            [107.7532, 59.8037],
            [122.1291, 59.6434],
            [128.7991, 59.576],
            [128.4401, 46.5777],
            [139.5907, 46.4783],
            [139.5125, 41.4786],
            [145.7092, 41.4317],
            [145.682, 39.1818],
            [140.7216, 39.2188],
            [140.646, 32.9691],
            [121.9932, 33.1415],
            [118.2581, 33.1812],
            [118.2897, 35.1811],
            [112.5607, 35.2445]
          ]
        ]
      }
    },
    {
      "type": "Feature",
      "id": "Lyr",
      "properties": { "rank": "2" },
      "geometry": {
        "type": "Polygon",
        "coordinates": [
          [
            [-75.7228, 25.6641],
            [-75.7301, 26.1641],
            [-83.2371, 26.0744],
            [-83.2992, 30.074],
            [-86.1756, 30.0392],
            [-86.5331, 47.537],
            [-85.6576, 47.5476],
            [-72.8794, 47.6999],
            [-71.6245, 47.7144],
            [-71.5297, 43.7149],
            [-68.0165, 43.755],
            [-67.8803, 36.7558],
            [-68.5074, 36.7487],
            [-68.4012, 30.2493],
            [-69.9047, 30.2322],
            [-69.8674, 27.7324],
            [-69.8387, 25.7326],
            [-75.7228, 25.6641]
          ]
        ]
      }
    },
    {
      "type": "Feature",
      "id": "Men",
      "properties": { "rank": "3" },
      "geometry": {
        "type": "Polygon",
        "coordinates": [
          [
            [109.0197, -85.2614],
            [48.2329, -84.5554],
            [50.0917, -82.0645],
            [52.0758, -74.5741],
            [67.9575, -74.7432],
            [68.5815, -69.7467],
            [98.4544, -70.1041],
            [97.7707, -75.1],
            [114.2147, -75.2899],
            [111.6521, -82.7759],
            [109.0197, -85.2614]
          ]
        ]
      }
    },
    {
      "type": "Feature",
      "id": "Mic",
      "properties": { "rank": "3" },
      "geometry": {
        "type": "Polygon",
        "coordinates": [
          [
            [-53.102, -27.5913],
            [-38.1684, -27.4597],
            [-38.0719, -36.4593],
            [-37.9577, -44.9589],
            [-52.8307, -45.09],
            [-53.102, -27.5913]
          ]
        ]
      }
    },
    {
      "type": "Feature",
      "id": "Mon",
      "properties": { "rank": "2" },
      "geometry": {
        "type": "Polygon",
        "coordinates": [
          [
            [95.2257, -0.0537],
            [95.348, 9.9455],
            [96.3477, 9.9334],
            [96.3728, 11.9333],
            [105.7428, 11.8213],
            [105.7185, 9.8215],
            [106.7179, 9.8098],
            [106.6643, 5.3101],
            [106.9143, 5.3072],
            [106.8674, 1.3074],
            [109.6169, 1.2756],
            [109.5997, -0.2243],
            [122.849, -0.3694],
            [122.7342, -11.3688],
            [111.9734, -11.2521],
            [93.2156, -11.0302],
            [88.9658, -10.9785],
            [89.0524, -3.9791],
            [95.1771, -4.0534],
            [95.2257, -0.0537]
          ]
        ]
      }
    },
    {
      "type": "Feature",
      "id": "Mus",
      "properties": { "rank": "3" },
      "geometry": {
        "type": "Polygon",
        "coordinates": [
          [
            [170.0848, -64.6843],
            [169.857, -75.684],
            [-152.2186, -75.6236],
            [-152.5391, -70.6244],
            [-152.732, -65.625],
            [-155.2925, -65.6379],
            [-155.3197, -64.6379],
            [-165.5616, -64.677],
            [179.0574, -64.6958],
            [170.0848, -64.6843]
          ]
        ]
      }
    },
    {
      "type": "Feature",
      "id": "Nor",
      "properties": { "rank": "3" },
      "geometry": {
        "type": "Polygon",
        "coordinates": [
          [
            [-127.4501, -60.4355],
            [-110.9653, -60.2645],
            [-111.4294, -45.7671],
            [-111.5052, -42.2675],
            [-117.8472, -42.3367],
            [-122.8754, -42.3886],
            [-122.7527, -48.388],
            [-127.7928, -48.4371],
            [-127.6466, -54.4364],
            [-131.9433, -54.4756],
            [-131.9165, -55.4755],
            [-127.6181, -55.4363],
            [-127.4501, -60.4355]
          ]
        ]
      }
    },
    {
      "type": "Feature",
      "id": "Oct",
      "properties": { "rank": "3" },
      "geometry": {
        "type": "Polygon",
        "coordinates": [
          [
            [1.5334, -81.804],
            [50.0917, -82.0645],
            [48.2329, -84.5554],
            [109.0197, -85.2614],
            [111.6521, -82.7759],
            [-150.8889, -83.1201],
            [-83.134, -82.4583],
            [-85.8049, -74.9745],
            [-36.8152, -74.4545],
            [-8.0022, -74.3125],
            [1.5663, -74.304],
            [1.5334, -81.804]
          ]
        ]
      }
    },
    {
      "type": "Feature",
      "id": "Oph",
      "properties": { "rank": "2" },
      "geometry": {
        "type": "Polygon",
        "coordinates": [
          [
            [-114.3974, -0.2964],
            [-114.4414, 3.7034],
            [-107.1941, 3.7852],
            [-107.2985, 12.6179],
            [-99.8042, 12.7061],
            [-99.8231, 14.206],
            [-84.8267, 14.3875],
            [-84.7969, 12.0543],
            [-78.612, 12.1288],
            [-78.5414, 6.3792],
            [-84.7254, 6.3048],
            [-84.704, 4.5549],
            [-82.0789, 4.5866],
            [-82.0608, 3.0867],
            [-84.6858, 3.055],
            [-84.6494, 0.0552],
            [-90.899, -0.0206],
            [-90.8503, -4.0204],
            [-88.8503, -3.9961],
            [-88.7763, -9.9956],
            [-93.2762, -10.0502],
            [-93.2553, -11.7168],
            [-94.5056, -11.7319],
            [-94.5265, -10.0654],
            [-100.7779, -10.1404],
            [-100.7026, -16.14],
            [-94.1998, -16.0619],
            [-93.9982, -30.0607],
            [-106.7647, -30.2123],
            [-106.8443, -24.7961],
            [-114.1086, -24.8781],
            [-114.177, -19.5452],
            [-112.5493, -19.5272],
            [-112.5618, -18.5272],
            [-114.1893, -18.5452],
            [-114.3088, -8.2959],
            [-119.5627, -8.3523],
            [-119.613, -3.6026],
            [-114.3616, -3.5462],
            [-114.3974, -0.2964]
          ]
        ]
      }
    },
    {
      "type": "Feature",
      "id": "Ori",
      "properties": { "rank": "1" },
      "geometry": {
        "type": "Polygon",
        "coordinates": [
          [
            [70.8524, 0.2375],
            [71.034, 15.7365],
            [76.2889, 15.6755],
            [76.2953, 16.1755],
            [81.7987, 16.1101],
            [81.7922, 15.6101],
            [85.7936, 15.5619],
            [85.7551, 12.5622],
            [88.2554, 12.5319],
            [88.3272, 18.0314],
            [87.327, 18.0435],
            [87.3938, 22.8765],
            [90.144, 22.8431],
            [90.1252, 21.5099],
            [95.1241, 21.4492],
            [95.0696, 17.4495],
            [96.4439, 17.4329],
            [96.3728, 11.9333],
            [96.3477, 9.9334],
            [95.348, 9.9455],
            [95.2257, -0.0537],
            [95.1771, -4.0534],
            [89.0524, -3.9791],
            [88.9658, -10.9785],
            [77.72, -10.8432],
            [77.8044, -3.8437],
            [71.5564, -3.7708],
            [71.6023, 0.2289],
            [70.8524, 0.2375]
          ]
        ]
      }
    },
    {
      "type": "Feature",
      "id": "Pav",
      "properties": { "rank": "2" },
      "geometry": {
        "type": "Polygon",
        "coordinates": [
          [
            [-85.8049, -74.9745],
            [-36.8152, -74.4545],
            [-37.6513, -59.4577],
            [-52.4352, -59.5881],
            [-52.5412, -56.5886],
            [-87.3277, -56.9838],
            [-94.8318, -57.0748],
            [-94.2243, -67.5711],
            [-86.7199, -67.4801],
            [-85.8049, -74.9745]
          ]
        ]
      }
    },
    {
      "type": "Feature",
      "id": "Peg",
      "properties": { "rank": "1" },
      "geometry": {
        "type": "Polygon",
        "coordinates": [
          [
            [-38.4165, 2.5394],
            [-38.4989, 13.0391],
            [-41.7555, 13.0132],
            [-41.7497, 12.3466],
            [-42.7516, 12.3383],
            [-42.8212, 20.0046],
            [-39.8116, 20.0291],
            [-39.8483, 24.0289],
            [-37.338, 24.0482],
            [-37.3798, 28.5481],
            [-32.6048, 28.5818],
            [-32.68, 36.5815],
            [-30.539, 36.5954],
            [-28.6495, 36.6069],
            [-28.6404, 35.6069],
            [-16.2935, 35.6656],
            [-16.2908, 35.1656],
            [-15.5347, 35.1682],
            [-5.9558, 35.1913],
            [-5.9508, 32.7746],
            [-2.1719, 32.7785],
            [-2.1713, 32.0285],
            [1.607, 32.0294],
            [1.6062, 28.696],
            [2.6128, 28.6958],
            [2.61, 22.6958],
            [3.7406, 22.6952],
            [3.7399, 21.6952],
            [3.7341, 13.1952],
            [1.6032, 13.196],
            [1.6027, 10.696],
            [-0.9029, 10.6958],
            [-0.902, 8.1958],
            [-17.1786, 8.1622],
            [-17.1578, 2.6622],
            [-28.4127, 2.6076],
            [-28.4112, 2.3576],
            [-33.4129, 2.3257],
            [-33.4198, 3.3257],
            [-36.4213, 3.3044],
            [-36.4157, 2.5544],
            [-38.4165, 2.5394]
          ]
        ]
      }
    },
    {
      "type": "Feature",
      "id": "Per",
      "properties": { "rank": "1" },
      "geometry": {
        "type": "Polygon",
        "coordinates": [
          [
            [42.6284, 31.1865],
            [42.6665, 34.5197],
            [40.4024, 34.5375],
            [40.4347, 37.2874],
            [39.6793, 37.2932],
            [39.8855, 51.0424],
            [32.6738, 51.0926],
            [32.6215, 47.5928],
            [26.9314, 47.6258],
            [26.9685, 50.6257],
            [22.4079, 50.6479],
            [22.456, 54.6478],
            [27.5336, 54.6229],
            [27.5952, 58.1227],
            [30.7736, 58.1047],
            [30.7956, 59.1046],
            [38.8024, 59.0512],
            [38.7623, 57.5513],
            [48.9009, 57.4685],
            [49.9135, 57.4594],
            [49.854, 55.4597],
            [52.3819, 55.4363],
            [52.3131, 52.9366],
            [72.8403, 52.7196],
            [72.4573, 36.2219],
            [69.5738, 36.2547],
            [69.4869, 30.9219],
            [52.4267, 31.1004],
            [42.6284, 31.1865]
          ]
        ]
      }
    },
    {
      "type": "Feature",
      "id": "Phe",
      "properties": { "rank": "2" },
      "geometry": {
        "type": "Polygon",
        "coordinates": [
          [
            [-8.3073, -39.3128],
            [-8.2315, -56.3127],
            [-8.2216, -57.8127],
            [21.2062, -57.8484],
            [21.2733, -52.8486],
            [24.9674, -52.8659],
            [24.9938, -50.8659],
            [28.6933, -50.8859],
            [28.7383, -47.5527],
            [36.1529, -47.6005],
            [36.264, -39.4342],
            [26.3507, -39.3726],
            [0.6029, -39.3039],
            [-8.3073, -39.3128]
          ]
        ]
      }
    },
    {
      "type": "Feature",
      "id": "Pic",
      "properties": { "rank": "3" },
      "geometry": {
        "type": "Polygon",
        "coordinates": [
          [
            [90.9518, -43.0058],
            [75.9744, -42.8256],
            [73.4824, -42.7964],
            [73.4021, -46.2959],
            [68.4241, -46.2388],
            [68.3622, -48.7384],
            [68.2177, -53.7376],
            [75.677, -53.8238],
            [75.5477, -57.323],
            [83.0188, -57.4123],
            [82.8576, -60.9113],
            [90.3451, -61.0021],
            [90.1736, -64.0011],
            [98.9372, -64.107],
            [102.7033, -64.1519],
            [103.0111, -58.1537],
            [97.9951, -58.0938],
            [98.1143, -55.0946],
            [93.1074, -55.034],
            [93.1944, -52.5346],
            [90.6937, -52.5042],
            [90.7489, -50.7545],
            [90.9518, -43.0058]
          ]
        ]
      }
    },
    {
      "type": "Feature",
      "id": "Psc",
      "properties": { "rank": "2" },
      "geometry": {
        "type": "Polygon",
        "coordinates": [
          [
            [-17.1503, 0.6622],
            [-17.1578, 2.6622],
            [-17.1786, 8.1622],
            [-0.902, 8.1958],
            [-0.9029, 10.6958],
            [1.6027, 10.696],
            [1.6032, 13.196],
            [3.7341, 13.1952],
            [3.7399, 21.6952],
            [14.4148, 21.6766],
            [14.4241, 24.4266],
            [12.4135, 24.4319],
            [12.4431, 33.6819],
            [22.8974, 33.6454],
            [22.8664, 28.6454],
            [26.7647, 28.6263],
            [26.7447, 25.6263],
            [26.6557, 10.5432],
            [31.6652, 10.5144],
            [31.6153, 2.5979],
            [6.6038, 2.6925],
            [6.6013, 0.6925],
            [6.5927, -6.3075],
            [-0.8967, -6.3042],
            [-0.8978, -3.3042],
            [-17.1353, -3.3378],
            [-17.1503, 0.6622]
          ]
        ]
      }
    },
    {
      "type": "Feature",
      "id": "PsA",
      "properties": { "rank": "2" },
      "geometry": {
        "type": "Polygon",
        "coordinates": [
          [
            [-13.319, -24.825],
            [-30.2297, -24.904],
            [-38.1922, -24.9598],
            [-38.1684, -27.4597],
            [-38.0719, -36.4593],
            [-13.2725, -36.325],
            [-13.319, -24.825]
          ]
        ]
      }
    },
    {
      "type": "Feature",
      "id": "Pup",
      "properties": { "rank": "2" },
      "geometry": {
        "type": "Polygon",
        "coordinates": [
          [
            [111.9734, -11.2521],
            [111.6772, -33.2505],
            [99.9039, -33.1128],
            [99.7089, -43.1116],
            [90.9518, -43.0058],
            [90.7489, -50.7545],
            [120.8617, -51.1026],
            [121.0383, -43.3535],
            [126.5723, -43.4095],
            [126.6778, -37.16],
            [126.9271, -17.4113],
            [126.9898, -11.4116],
            [122.7342, -11.3688],
            [111.9734, -11.2521]
          ]
        ]
      }
    },
    {
      "type": "Feature",
      "id": "Pyx",
      "properties": { "rank": "3" },
      "geometry": {
        "type": "Polygon",
        "coordinates": [
          [
            [126.9271, -17.4113],
            [130.1843, -17.4425],
            [130.1635, -19.4424],
            [137.685, -19.5088],
            [137.6368, -24.5086],
            [141.9043, -24.5425],
            [141.7716, -37.292],
            [126.6778, -37.16],
            [126.9271, -17.4113]
          ]
        ]
      }
    },
    {
      "type": "Feature",
      "id": "Ret",
      "properties": { "rank": "3" },
      "geometry": {
        "type": "Polygon",
        "coordinates": [
          [
            [48.3627, -67.0358],
            [68.794, -67.2479],
            [69.2745, -58.7507],
            [65.5546, -58.7089],
            [65.6505, -56.2094],
            [60.6929, -56.1556],
            [60.7979, -52.8228],
            [58.3188, -52.7968],
            [53.365, -52.7471],
            [53.2368, -57.0798],
            [48.7911, -57.0378],
            [48.3627, -67.0358]
          ]
        ]
      }
    },
    {
      "type": "Feature",
      "id": "Sge",
      "properties": { "rank": "3" },
      "geometry": {
        "type": "Polygon",
        "coordinates": [
          [
            [-75.6264, 18.6647],
            [-75.6609, 21.2478],
            [-69.9037, 21.3148],
            [-69.8787, 19.3983],
            [-61.1143, 19.4955],
            [-61.1397, 21.5787],
            [-54.8746, 21.6437],
            [-54.866, 20.8937],
            [-54.8131, 16.144],
            [-56.441, 16.1275],
            [-61.074, 16.0791],
            [-61.0788, 16.4957],
            [-73.5945, 16.3551],
            [-73.6245, 18.6882],
            [-75.6264, 18.6647]
          ]
        ]
      }
    },
    {
      "type": "Feature",
      "id": "Sgr",
      "properties": { "rank": "1" },
      "geometry": {
        "type": "Polygon",
        "coordinates": [
          [
            [-75.2559, -11.8664],
            [-75.2063, -15.8328],
            [-84.4505, -15.9436],
            [-94.1998, -16.0619],
            [-93.9982, -30.0607],
            [-90.4972, -30.0182],
            [-90.3745, -37.0175],
            [-70.4037, -36.7786],
            [-70.2304, -45.2776],
            [-52.8307, -45.09],
            [-53.102, -27.5913],
            [-58.084, -27.6419],
            [-58.2736, -11.6762],
            [-75.2559, -11.8664]
          ]
        ]
      }
    },
    {
      "type": "Feature",
      "id": "Sco",
      "properties": { "rank": "1" },
      "geometry": {
        "type": "Polygon",
        "coordinates": [
          [
            [-119.5627, -8.3523],
            [-114.3088, -8.2959],
            [-114.1893, -18.5452],
            [-112.5618, -18.5272],
            [-112.5493, -19.5272],
            [-114.177, -19.5452],
            [-114.1086, -24.8781],
            [-106.8443, -24.7961],
            [-106.7647, -30.2123],
            [-93.9982, -30.0607],
            [-90.4972, -30.0182],
            [-90.3745, -37.0175],
            [-90.1907, -45.5163],
            [-111.4294, -45.7671],
            [-111.5052, -42.2675],
            [-117.8472, -42.3367],
            [-118.0523, -29.8378],
            [-123.07, -29.8896],
            [-123.1869, -20.3902],
            [-119.4282, -20.3516],
            [-119.5627, -8.3523]
          ]
        ]
      }
    },
    {
      "type": "Feature",
      "id": "Scl",
      "properties": { "rank": "3" },
      "geometry": {
        "type": "Polygon",
        "coordinates": [
          [
            [-13.319, -24.825],
            [-0.8894, -24.8042],
            [26.4589, -24.8729],
            [26.3507, -39.3726],
            [0.6029, -39.3039],
            [-8.3073, -39.3128],
            [-8.3166, -36.3128],
            [-13.2725, -36.325],
            [-13.319, -24.825]
          ]
        ]
      }
    },
    {
      "type": "Feature",
      "id": "Sct",
      "properties": { "rank": "3" },
      "geometry": {
        "type": "Polygon",
        "coordinates": [
          [
            [-84.4505, -15.9436],
            [-75.2063, -15.8328],
            [-75.2559, -11.8664],
            [-75.3527, -3.8337],
            [-79.6018, -3.8842],
            [-84.6009, -3.9445],
            [-84.4505, -15.9436]
          ]
        ]
      }
    },
    {
      "type": "Feature",
      "id": "Ser",
      "properties": { "rank": "3" },
      "geometry": {
        "type": "Polygon",
        "coordinates": [
          [
            [-132.147, -0.4743],
            [-132.2185, 7.5254],
            [-132.3945, 25.5246],
            [-130.9005, 25.5381],
            [-118.1943, 25.6641],
            [-118.1434, 21.6644],
            [-119.889, 21.646],
            [-119.8189, 15.6463],
            [-117.3234, 15.6728],
            [-117.1903, 3.6735],
            [-114.4414, 3.7034],
            [-114.3974, -0.2964],
            [-114.3616, -3.5462],
            [-119.613, -3.6026],
            [-132.118, -3.7242],
            [-132.147, -0.4743]
          ]
        ]
      }
    },
    {
      "type": "Feature",
      "id": "Ser",
      "properties": { "rank": "3" },
      "geometry": {
        "type": "Polygon",
        "coordinates": [
          [
            [-84.6494, 0.0552],
            [-84.6858, 3.055],
            [-82.0608, 3.0867],
            [-82.0789, 4.5866],
            [-84.704, 4.5549],
            [-84.7254, 6.3048],
            [-78.5414, 6.3792],
            [-75.474, 6.4156],
            [-75.4236, 2.1659],
            [-79.6738, 2.1153],
            [-79.6498, 0.1155],
            [-79.6018, -3.8842],
            [-84.6009, -3.9445],
            [-84.4505, -15.9436],
            [-94.1998, -16.0619],
            [-100.7026, -16.14],
            [-100.7779, -10.1404],
            [-94.5265, -10.0654],
            [-94.5056, -11.7319],
            [-93.2553, -11.7168],
            [-93.2762, -10.0502],
            [-88.7763, -9.9956],
            [-88.8503, -3.9961],
            [-90.8503, -4.0204],
            [-90.899, -0.0206],
            [-84.6494, 0.0552]
          ]
        ]
      }
    },
    {
      "type": "Feature",
      "id": "Sex",
      "properties": { "rank": "3" },
      "geometry": {
        "type": "Polygon",
        "coordinates": [
          [
            [145.3489, -0.5671],
            [145.3984, 6.4328],
            [162.876, 6.3377],
            [162.8497, -0.6622],
            [162.8271, -6.6622],
            [162.8079, -11.6621],
            [145.2703, -11.5668],
            [145.3489, -0.5671]
          ]
        ]
      }
    },
    {
      "type": "Feature",
      "id": "Tau",
      "properties": { "rank": "1" },
      "geometry": {
        "type": "Polygon",
        "coordinates": [
          [
            [50.8367, -1.303],
            [50.853, 0.447],
            [50.9464, 10.3632],
            [51.0372, 19.4461],
            [52.2906, 19.4343],
            [52.4267, 31.1004],
            [69.4869, 30.9219],
            [69.4768, 30.2553],
            [73.2353, 30.2123],
            [73.2125, 28.7124],
            [90.2289, 28.5092],
            [90.2211, 28.0093],
            [90.144, 22.8431],
            [87.3938, 22.8765],
            [87.327, 18.0435],
            [88.3272, 18.0314],
            [88.2554, 12.5319],
            [85.7551, 12.5622],
            [85.7936, 15.5619],
            [81.7922, 15.6101],
            [81.7987, 16.1101],
            [76.2953, 16.1755],
            [76.2889, 15.6755],
            [71.034, 15.7365],
            [70.8524, 0.2375],
            [55.3529, 0.4037],
            [55.3356, -1.3462],
            [50.8367, -1.303]
          ]
        ]
      }
    },
    {
      "type": "Feature",
      "id": "Tel",
      "properties": { "rank": "3" },
      "geometry": {
        "type": "Polygon",
        "coordinates": [
          [
            [-52.5412, -56.5886],
            [-52.8307, -45.09],
            [-70.2304, -45.2776],
            [-87.691, -45.486],
            [-87.3277, -56.9838],
            [-52.5412, -56.5886]
          ]
        ]
      }
    },
    {
      "type": "Feature",
      "id": "Tri",
      "properties": { "rank": "3" },
      "geometry": {
        "type": "Polygon",
        "coordinates": [
          [
            [26.7447, 25.6263],
            [26.7647, 28.6263],
            [22.8664, 28.6454],
            [22.8974, 33.6454],
            [22.9108, 35.6453],
            [31.8543, 35.5971],
            [31.8711, 37.3471],
            [39.6793, 37.2932],
            [40.4347, 37.2874],
            [40.4024, 34.5375],
            [42.6665, 34.5197],
            [42.6284, 31.1865],
            [38.1032, 31.2213],
            [38.0701, 27.8048],
            [30.5306, 27.855],
            [30.5137, 25.6051],
            [26.7447, 25.6263]
          ]
        ]
      }
    },
    {
      "type": "Feature",
      "id": "TrA",
      "properties": { "rank": "2" },
      "geometry": {
        "type": "Polygon",
        "coordinates": [
          [
            [-135.8336, -70.5115],
            [-135.9964, -68.0122],
            [-133.4429, -67.9909],
            [-133.6465, -64.0751],
            [-129.8334, -64.0416],
            [-129.9454, -61.4587],
            [-127.4102, -61.4353],
            [-127.4501, -60.4355],
            [-110.9653, -60.2645],
            [-110.9184, -61.2642],
            [-108.4622, -61.2365],
            [-108.3237, -63.819],
            [-105.8049, -63.7901],
            [-105.7165, -65.2063],
            [-104.4576, -65.1916],
            [-104.275, -67.6906],
            [-101.7575, -67.6611],
            [-101.5293, -70.1597],
            [-135.8336, -70.5115]
          ]
        ]
      }
    },
    {
      "type": "Feature",
      "id": "Tuc",
      "properties": { "rank": "3" },
      "geometry": {
        "type": "Polygon",
        "coordinates": [
          [
            [-8.0022, -74.3125],
            [1.5663, -74.304],
            [12.3324, -74.3186],
            [12.2954, -75.3185],
            [20.6541, -75.3472],
            [21.2062, -57.8484],
            [-8.2216, -57.8127],
            [-8.2315, -56.3127],
            [-27.8863, -56.3908],
            [-27.6014, -66.89],
            [-8.1386, -66.8126],
            [-8.0022, -74.3125]
          ]
        ]
      }
    },
    {
      "type": "Feature",
      "id": "UMa",
      "properties": { "rank": "1" },
      "geometry": {
        "type": "Polygon",
        "coordinates": [
          [
            [145.7092, 41.4317],
            [139.5125, 41.4786],
            [139.5907, 46.4783],
            [128.4401, 46.5777],
            [128.7991, 59.576],
            [122.1291, 59.6434],
            [123.0862, 73.1384],
            [140.6155, 72.9741],
            [171.9614, 72.8125],
            [171.8493, 65.8126],
            [-178.4207, 65.804],
            [-178.4184, 63.304],
            [-156.4495, 63.3593],
            [-156.4264, 62.3594],
            [-142.9547, 62.4415],
            [-142.7488, 54.9422],
            [-148.4156, 54.9036],
            [-148.3013, 47.9039],
            [-156.2049, 47.8599],
            [-156.2576, 52.3598],
            [-177.1815, 52.3043],
            [-177.1736, 44.3043],
            [-178.4086, 44.304],
            [-178.4055, 33.304],
            [-178.4043, 28.304],
            [179.6089, 28.304],
            [166.694, 28.325],
            [166.7142, 33.325],
            [163.4894, 33.3357],
            [163.5232, 39.3356],
            [154.3594, 39.3774],
            [154.3782, 41.3774],
            [145.7092, 41.4317]
          ]
        ]
      }
    },
    {
      "type": "Feature",
      "id": "UMi",
      "properties": { "rank": "2" },
      "geometry": {
        "type": "Polygon",
        "coordinates": [
          [
            [-164.1794, 76.3289],
            [-163.9025, 69.3294],
            [-149.3492, 69.3991],
            [-149.1794, 65.3997],
            [-124.6704, 65.6023],
            [-124.9494, 69.6009],
            [-112.1589, 69.7383],
            [-112.7793, 74.7348],
            [-98.4634, 74.9033],
            [-99.7821, 79.8953],
            [-92.344, 79.9857],
            [-98.2778, 85.9496],
            [-51.279, 86.4656],
            [-51.6686, 86.6306],
            [-16.4893, 86.8369],
            [-20.739, 88.6639],
            [0.9483, 88.6092],
            [24.7077, 88.3564],
            [57.6647, 88.0063],
            [135.8325, 87.5689],
            [130.4028, 86.0975],
            [-146.977, 85.9308],
            [-143.2171, 79.445],
            [-156.1908, 79.3629],
            [-155.843, 76.3638],
            [-164.1794, 76.3289]
          ]
        ]
      }
    },
    {
      "type": "Feature",
      "id": "Vel",
      "properties": { "rank": "2" },
      "geometry": {
        "type": "Polygon",
        "coordinates": [
          [
            [166.3373, -57.1744],
            [166.4565, -40.4246],
            [141.7341, -40.2919],
            [141.7716, -37.292],
            [126.6778, -37.16],
            [126.5723, -43.4095],
            [121.0383, -43.3535],
            [120.8617, -51.1026],
            [123.3811, -51.1285],
            [123.3201, -53.3782],
            [127.6093, -53.4207],
            [127.5671, -54.9205],
            [133.3802, -54.9742],
            [133.3237, -56.974],
            [166.3373, -57.1744]
          ]
        ]
      }
    },
    {
      "type": "Feature",
      "id": "Vir",
      "properties": { "rank": "1" },
      "geometry": {
        "type": "Polygon",
        "coordinates": [
          [
            [174.3505, -0.6917],
            [174.3657, 10.3083],
            [179.6037, 10.304],
            [179.6045, 13.304],
            [-165.938, 13.3225],
            [-165.9409, 14.3225],
            [-155.9711, 14.3605],
            [-155.9362, 7.3606],
            [-132.2185, 7.5254],
            [-132.147, -0.4743],
            [-138.3969, -0.5269],
            [-138.3329, -8.5267],
            [-144.5915, -8.5731],
            [-144.4869, -22.5728],
            [-165.8331, -22.6773],
            [-165.8669, -11.6774],
            [179.0968, -11.6958],
            [179.0986, -6.6958],
            [174.3423, -6.6917],
            [174.3505, -0.6917]
          ]
        ]
      }
    },
    {
      "type": "Feature",
      "id": "Vol",
      "properties": { "rank": "3" },
      "geometry": {
        "type": "Polygon",
        "coordinates": [
          [
            [98.9372, -64.107],
            [98.4544, -70.1041],
            [97.7707, -75.1],
            [114.2147, -75.2899],
            [135.2437, -75.4955],
            [136.0947, -64.499],
            [102.7033, -64.1519],
            [98.9372, -64.107]
          ]
        ]
      }
    },
    {
      "type": "Feature",
      "id": "Vul",
      "properties": { "rank": "3" },
      "geometry": {
        "type": "Polygon",
        "coordinates": [
          [
            [-75.6609, 21.2478],
            [-75.7228, 25.6641],
            [-69.8387, 25.7326],
            [-69.8674, 27.7324],
            [-63.7278, 27.8012],
            [-63.7491, 29.3011],
            [-44.9274, 29.4871],
            [-44.9161, 28.4872],
            [-37.3798, 28.5481],
            [-37.338, 24.0482],
            [-39.8483, 24.0289],
            [-39.8116, 20.0291],
            [-42.8212, 20.0046],
            [-50.0923, 19.94],
            [-50.1031, 20.9399],
            [-54.866, 20.8937],
            [-54.8746, 21.6437],
            [-61.1397, 21.5787],
            [-61.1143, 19.4955],
            [-69.8787, 19.3983],
            [-69.9037, 21.3148],
            [-75.6609, 21.2478]
          ]
        ]
      }
    }
  ]
}
