{
  "type": "FeatureCollection",
  "features": [
    {
      "type": "Feature",
      "id": "1",
      "properties": { "rank": 1 },
      "geometry": {
        "type": "Polygon",
        "coordinates": [
          [
            [56.2185, 50],
            [56.2185, 24.1132],
            [56.2185, -50],
            [67.155, -50],
            [67.155, 19.1802],
            [67.155, 50],
            [56.2185, 50]
          ]
        ]
      }
    },
    {
      "type": "Feature",
      "id": "2",
      "properties": { "rank": 1 },
      "geometry": {
        "type": "Polygon",
        "coordinates": [
          [
            [-13.809, 50],
            [-13.809, 15.2052],
            [-13.809, -50],
            [3.309, -50],
            [3.309, 15.1836],
            [3.309, 50],
            [-13.809, 50]
          ]
        ]
      }
    },
    {
      "type": "Feature",
      "id": "3",
      "properties": { "rank": 1 },
      "geometry": {
        "type": "Polygon",
        "coordinates": [
          [
            [83.784, 50],
            [83.784, 9.9341],
            [83.784, -50],
            [85.1895, -50],
            [85.1895, -1.9426],
            [85.1895, 50],
            [83.784, 50]
          ]
        ]
      }
    },
    {
      "type": "Feature",
      "id": "4",
      "properties": { "rank": 1 },
      "geometry": {
        "type": "Polygon",
        "coordinates": [
          [
            [-146.7765, 50],
            [-146.7765, -10.2729],
            [-146.7765, -50],
            [-137.2815, -50],
            [-137.2815, -16.0421],
            [-137.2815, 50],
            [-146.7765, 50]
          ]
        ]
      }
    },
    {
      "type": "Feature",
      "id": "5",
      "properties": { "rank": 1 },
      "geometry": {
        "type": "Polygon",
        "coordinates": [
          [
            [-88.548, 50],
            [-88.548, -30.4252],
            [-88.548, -50],
            [-78.585, -50],
            [-78.585, -26.9908],
            [-78.585, 50],
            [-88.548, 50]
          ]
        ]
      }
    },
    {
      "type": "Feature",
      "id": "6",
      "properties": { "rank": 1 },
      "geometry": {
        "type": "Polygon",
        "coordinates": [
          [
            [-137.2815, 50],
            [-137.2815, -16.0421],
            [-137.2815, -50],
            [-120.2865, -50],
            [-120.2865, -26.1142],
            [-120.2865, 50],
            [-137.2815, 50]
          ]
        ]
      }
    },
    {
      "type": "Feature",
      "id": "7",
      "properties": { "rank": 1 },
      "geometry": {
        "type": "Polygon",
        "coordinates": [
          [
            [95.7405, 50],
            [95.7405, 22.5132],
            [95.7405, -50],
            [127.899, -50],
            [127.899, 18.0941],
            [127.899, 50],
            [95.7405, 50]
          ]
        ]
      }
    },
    {
      "type": "Feature",
      "id": "8",
      "properties": { "rank": 1 },
      "geometry": {
        "type": "Polygon",
        "coordinates": [
          [
            [-107.0325, 50],
            [-107.0325, -38.0475],
            [-107.0325, -50],
            [-88.548, -50],
            [-88.548, -30.4252],
            [-88.548, 50],
            [-107.0325, 50]
          ]
        ]
      }
    },
    {
      "type": "Feature",
      "id": "9",
      "properties": { "rank": 1 },
      "geometry": {
        "type": "Polygon",
        "coordinates": [
          [
            [-176.049, 50],
            [-176.049, -17.5419],
            [-176.049, -50],
            [-158.7015, -50],
            [-158.7015, -11.1615],
            [-158.7015, 50],
            [-176.049, 50]
          ]
        ]
      }
    },
    {
      "type": "Feature",
      "id": "10",
      "properties": { "rank": 1 },
      "geometry": {
        "type": "Polygon",
        "coordinates": [
          [
            [85.1895, 50],
            [85.1895, -1.9426],
            [85.1895, -50],
            [95.7405, -50],
            [95.7405, 22.5132],
            [95.7405, 50],
            [85.1895, 50]
          ]
        ]
      }
    },
    {
      "type": "Feature",
      "id": "11",
      "properties": { "rank": 1 },
      "geometry": {
        "type": "Polygon",
        "coordinates": [
          [
            [-158.7015, 50],
            [-158.7015, -11.1615],
            [-158.7015, -50],
            [-146.7765, -50],
            [-146.7765, -10.2729],
            [-146.7765, 50],
            [-158.7015, 50]
          ]
        ]
      }
    },
    {
      "type": "Feature",
      "id": "12",
      "properties": { "rank": 1 },
      "geometry": {
        "type": "Polygon",
        "coordinates": [
          [
            [3.309, 50],
            [3.309, 15.1836],
            [3.309, -50],
            [14.301, -50],
            [14.301, 24.4174],
            [14.301, 50],
            [3.309, 50]
          ]
        ]
      }
    },
    {
      "type": "Feature",
      "id": "13",
      "properties": { "rank": 1 },
      "geometry": {
        "type": "Polygon",
        "coordinates": [
          [
            [127.899, 50],
            [127.899, 18.0941],
            [127.899, -50],
            [129.414, -50],
            [129.414, 5.7038],
            [129.414, 50],
            [127.899, 50]
          ]
        ]
      }
    },
    {
      "type": "Feature",
      "id": "14",
      "properties": { "rank": 1 },
      "geometry": {
        "type": "Polygon",
        "coordinates": [
          [
            [14.301, 50],
            [14.301, 24.4174],
            [14.301, -50],
            [28.6605, -50],
            [28.6605, 20.8078],
            [28.6605, 50],
            [14.301, 50]
          ]
        ]
      }
    },
    {
      "type": "Feature",
      "id": "15",
      "properties": { "rank": 1 },
      "geometry": {
        "type": "Polygon",
        "coordinates": [
          [
            [40.863, 50],
            [40.863, 27.7071],
            [40.863, -50],
            [56.2185, -50],
            [56.2185, 24.1132],
            [56.2185, 50],
            [40.863, 50]
          ]
        ]
      }
    },
    {
      "type": "Feature",
      "id": "16",
      "properties": { "rank": 1 },
      "geometry": {
        "type": "Polygon",
        "coordinates": [
          [
            [-78.585, 50],
            [-78.585, -26.9908],
            [-78.585, -50],
            [-54.747, -50],
            [-54.747, -14.7814],
            [-54.747, 50],
            [-78.585, 50]
          ]
        ]
      }
    },
    {
      "type": "Feature",
      "id": "17",
      "properties": { "rank": 1 },
      "geometry": {
        "type": "Polygon",
        "coordinates": [
          [
            [-54.747, 50],
            [-54.747, -14.7814],
            [-54.747, -50],
            [-48.081, -50],
            [-48.081, -9.496],
            [-48.081, 50],
            [-54.747, 50]
          ]
        ]
      }
    },
    {
      "type": "Feature",
      "id": "18",
      "properties": { "rank": 1 },
      "geometry": {
        "type": "Polygon",
        "coordinates": [
          [
            [-28.554, 50],
            [-28.554, -0.3199],
            [-28.554, -50],
            [-13.809, -50],
            [-13.809, 15.2052],
            [-13.809, 50],
            [-28.554, 50]
          ]
        ]
      }
    },
    {
      "type": "Feature",
      "id": "23",
      "properties": { "rank": 1 },
      "geometry": {
        "type": "Polygon",
        "coordinates": [
          [
            [-37.11, 50],
            [-37.11, -5.5712],
            [-37.11, -50],
            [-28.554, -50],
            [-28.554, -0.3199],
            [-28.554, 50],
            [-37.11, 50]
          ]
        ]
      }
    },
    {
      "type": "Feature",
      "id": "24",
      "properties": { "rank": 1 },
      "geometry": {
        "type": "Polygon",
        "coordinates": [
          [
            [-114.7035, 50],
            [-114.7035, -25.5929],
            [-114.7035, -50],
            [-107.0325, -50],
            [-107.0325, -38.0475],
            [-107.0325, 50],
            [-114.7035, 50]
          ]
        ]
      }
    },
    {
      "type": "Feature",
      "id": "25",
      "properties": { "rank": 1 },
      "geometry": {
        "type": "Polygon",
        "coordinates": [
          [
            [28.6605, 50],
            [28.6605, 20.8078],
            [28.6605, -50],
            [40.863, -50],
            [40.863, 27.7071],
            [40.863, 50],
            [28.6605, 50]
          ]
        ]
      }
    },
    {
      "type": "Feature",
      "id": "26",
      "properties": { "rank": 1 },
      "geometry": {
        "type": "Polygon",
        "coordinates": [
          [
            [-120.2865, 50],
            [-120.2865, -26.1142],
            [-120.2865, -50],
            [-114.7035, -50],
            [-114.7035, -25.5929],
            [-114.7035, 50],
            [-120.2865, 50]
          ]
        ]
      }
    },
    {
      "type": "Feature",
      "id": "27",
      "properties": { "rank": 1 },
      "geometry": {
        "type": "Polygon",
        "coordinates": [
          [
            [129.414, 50],
            [129.414, 5.7038],
            [129.414, -50],
            [141.897, -50],
            [141.897, -8.6584],
            [141.897, 50],
            [129.414, 50]
          ]
        ]
      }
    },
    {
      "type": "Feature",
      "id": "28",
      "properties": { "rank": 1 },
      "geometry": {
        "type": "Polygon",
        "coordinates": [
          [
            [-48.081, 50],
            [-48.081, -9.496],
            [-48.081, -50],
            [-37.11, -50],
            [-37.11, -5.5712],
            [-37.11, 50],
            [-48.081, 50]
          ]
        ]
      }
    },
    {
      "type": "Feature",
      "id": "29",
      "properties": { "rank": 1 },
      "geometry": {
        "type": "Polygon",
        "coordinates": [
          [
            [147.87, 50],
            [147.87, -14.8467],
            [147.87, -50],
            [164.9415, -50],
            [164.9415, -18.2979],
            [164.9415, 50],
            [147.87, 50]
          ]
        ]
      }
    },
    {
      "type": "Feature",
      "id": "30",
      "properties": { "rank": 1 },
      "geometry": {
        "type": "Polygon",
        "coordinates": [
          [
            [141.897, 50],
            [141.897, -8.6584],
            [141.897, -50],
            [147.87, -50],
            [147.87, -14.8467],
            [147.87, 50],
            [141.897, 50]
          ]
        ]
      }
    },
    {
      "type": "Feature",
      "id": "31",
      "properties": { "rank": 1 },
      "geometry": {
        "type": "Polygon",
        "coordinates": [
          [
            [164.9415, 50],
            [164.9415, -18.2979],
            [164.9415, -50],
            [-176.049, -50],
            [-176.049, -17.5419],
            [-176.049, 50],
            [164.9415, 50]
          ]
        ]
      }
    },
    {
      "type": "Feature",
      "id": "34",
      "properties": { "rank": 1 },
      "geometry": {
        "type": "Polygon",
        "coordinates": [
          [
            [67.155, 50],
            [67.155, 19.1802],
            [67.155, -50],
            [83.784, -50],
            [83.784, 9.9341],
            [83.784, 50],
            [67.155, 50]
          ]
        ]
      }
    }
  ]
}
