{
  "NGC 224": { "name": "奎宿增廿一", "desig": "M 31", "en": "Legs Added XXI", "pinyin": "Kuíxiù zēng XXI" },
  "NGC 2632": { "name": "积尸", "desig": "M 44", "en": "Cumulative Corpses", "pinyin": "JīShī" },
  "NGC 3372": { "name": "海山二", "desig": "NGC 3372", "en": "Sea and Mountain II", "pinyin": "Hǎishān II" },
  "NGC 5139": { "name": "库楼增一", "desig": "NGC 5139", "en": "Arsenal Added I", "pinyin": "Kùlóu zēng I" },
  "NGC 6231": { "name": "神宫", "desig": "NGC 6231", "en": "Changing Room", "pinyin": "Shéngōng" },
  "NGC 6475": { "name": "鱼", "desig": "M 7", "en": "Fish", "pinyin": "Yú" }
}
