{
  "type": "FeatureCollection",
  "features": [
    {
      "type": "Feature",
      "id": "Cr 140",
      "properties": {
        "desig": "Cr 140",
        "type": "oc",
        "morph": "III 3",
        "mag": 3.5,
        "dim": "60",
        "bv": ""
      },
      "geometry": {
        "type": "Point",
        "coordinates": [111.12, -31.85]
      }
    },
    {
      "type": "Feature",
      "id": "Cr 399",
      "properties": {
        "desig": "Cr 399",
        "type": "oc",
        "morph": "",
        "mag": 3.6,
        "dim": "60",
        "bv": ""
      },
      "geometry": {
        "type": "Point",
        "coordinates": [-68.445, 20.1]
      }
    },
    {
      "type": "Feature",
      "id": "IC 2602",
      "properties": {
        "desig": "IC 2602",
        "type": "oc",
        "morph": "II3m",
        "mag": 1.9,
        "dim": "100",
        "bv": ""
      },
      "geometry": {
        "type": "Point",
        "coordinates": [160.725, -64.4]
      }
    },
    {
      "type": "Feature",
      "id": "PGC 17223",
      "properties": {
        "desig": "LMC",
        "type": "sd",
        "morph": "SB(s)m",
        "mag": 0.4,
        "dim": "550x170",
        "bv": ""
      },
      "geometry": {
        "type": "Point",
        "coordinates": [80.895, -69.75]
      }
    },
    {
      "type": "Feature",
      "id": "NGC 6121",
      "properties": {
        "desig": "M 4",
        "type": "gc",
        "morph": "IX",
        "mag": 5.4,
        "dim": "26.3",
        "bv": "2.23"
      },
      "geometry": {
        "type": "Point",
        "coordinates": [83.82, -26.533]
      }
    },
    {
      "type": "Feature",
      "id": "NGC 6405",
      "properties": {
        "desig": "M 6",
        "type": "oc",
        "morph": "III2p",
        "mag": 4.2,
        "dim": "20",
        "bv": "0.28"
      },
      "geometry": {
        "type": "Point",
        "coordinates": [-94.92, -32.25]
      }
    },
    {
      "type": "Feature",
      "id": "NGC 6475",
      "properties": {
        "desig": "M 7",
        "type": "oc",
        "morph": "II2r",
        "mag": 3.3,
        "dim": "80",
        "bv": "0.15"
      },
      "geometry": {
        "type": "Point",
        "coordinates": [-91.53, -34.8]
      }
    },
    {
      "type": "Feature",
      "id": "M 8",
      "properties": {
        "desig": "M 8",
        "type": "sfr",
        "morph": "",
        "mag": 5,
        "dim": "45x30",
        "bv": ""
      },
      "geometry": {
        "type": "Point",
        "coordinates": [-89.07, -24.383]
      }
    },
    {
      "type": "Feature",
      "id": "NGC 6611",
      "properties": {
        "desig": "M 16",
        "type": "sfr",
        "morph": "II3mn; 3, 3, 3",
        "mag": 6,
        "dim": "7",
        "bv": "0.58"
      },
      "geometry": {
        "type": "Point",
        "coordinates": [-85.305, -13.783]
      }
    },
    {
      "type": "Feature",
      "id": "NGC 224",
      "properties": {
        "desig": "M 31",
        "type": "s",
        "morph": "SA(s)b",
        "mag": 3.4,
        "dim": "189x61",
        "bv": "0.92"
      },
      "geometry": {
        "type": "Point",
        "coordinates": [10.68, 41.267]
      }
    },
    {
      "type": "Feature",
      "id": "NGC 598",
      "properties": {
        "desig": "M 33",
        "type": "s",
        "morph": "SA(s)cd",
        "mag": 5.7,
        "dim": "68.7x41.6",
        "bv": "0.55"
      },
      "geometry": {
        "type": "Point",
        "coordinates": [23.475, 30.65]
      }
    },
    {
      "type": "Feature",
      "id": "NGC 1976",
      "properties": {
        "desig": "M 42",
        "type": "sfr",
        "morph": "EN+RN; 3, 2, 3",
        "mag": 4,
        "dim": "90x60",
        "bv": ""
      },
      "geometry": {
        "type": "Point",
        "coordinates": [83.82, -5.383]
      }
    },
    {
      "type": "Feature",
      "id": "NGC 2632",
      "properties": {
        "desig": "M 44",
        "type": "oc",
        "morph": "II2m",
        "mag": 3.1,
        "dim": "95",
        "bv": "0.36"
      },
      "geometry": {
        "type": "Point",
        "coordinates": [130.005, 19.667]
      }
    },
    {
      "type": "Feature",
      "id": "M 45",
      "properties": {
        "desig": "M 45",
        "type": "oc",
        "morph": "I3rn",
        "mag": 1.2,
        "dim": "100",
        "bv": ""
      },
      "geometry": {
        "type": "Point",
        "coordinates": [56.745, 24.117]
      }
    },
    {
      "type": "Feature",
      "id": "Cr 39",
      "properties": {
        "desig": "Mel 20",
        "type": "oc",
        "morph": "III3m",
        "mag": 1.2,
        "dim": "185",
        "bv": ""
      },
      "geometry": {
        "type": "Point",
        "coordinates": [51.075, 48.167]
      }
    },
    {
      "type": "Feature",
      "id": "C 41",
      "properties": {
        "desig": "Mel 25",
        "type": "oc",
        "morph": "II3m",
        "mag": 0.5,
        "dim": "330",
        "bv": ""
      },
      "geometry": {
        "type": "Point",
        "coordinates": [66.75, 16]
      }
    },
    {
      "type": "Feature",
      "id": "Cr 256",
      "properties": {
        "desig": "Mel 111",
        "type": "oc",
        "morph": "III3r",
        "mag": 1.8,
        "dim": "275",
        "bv": ""
      },
      "geometry": {
        "type": "Point",
        "coordinates": [-173.73, 26.117]
      }
    },
    {
      "type": "Feature",
      "id": "NGC 104",
      "properties": {
        "desig": "47 Tuc",
        "type": "gc",
        "morph": "III",
        "mag": 4,
        "dim": "30.9",
        "bv": "1.69"
      },
      "geometry": {
        "type": "Point",
        "coordinates": [6.03, -72.08]
      }
    },
    {
      "type": "Feature",
      "id": "NGC 869",
      "properties": {
        "desig": "h Per",
        "type": "oc",
        "morph": "I3r",
        "mag": 3.8,
        "dim": "30",
        "bv": "0.5"
      },
      "geometry": {
        "type": "Point",
        "coordinates": [34.75, 57.128]
      }
    },
    {
      "type": "Feature",
      "id": "NGC 884",
      "properties": {
        "desig": "χ Per",
        "type": "oc",
        "morph": "I3r",
        "mag": 3.8,
        "dim": "30",
        "bv": "0.6"
      },
      "geometry": {
        "type": "Point",
        "coordinates": [35.13, 57.13]
      }
    },
    {
      "type": "Feature",
      "id": "NGC 2244",
      "properties": {
        "desig": "NGC 2244",
        "type": "oc",
        "morph": "II3p",
        "mag": 4.8,
        "dim": "24",
        "bv": "0.46"
      },
      "geometry": {
        "type": "Point",
        "coordinates": [97.98, 4.95]
      }
    },
    {
      "type": "Feature",
      "id": "NGC 2264",
      "properties": {
        "desig": "NGC 2264",
        "type": "sfr",
        "morph": "III3mn; 3, 2, 3",
        "mag": 3.9,
        "dim": "20",
        "bv": ""
      },
      "geometry": {
        "type": "Point",
        "coordinates": [100.245, 9.9]
      }
    },
    {
      "type": "Feature",
      "id": "NGC 2362",
      "properties": {
        "desig": "NGC 2362",
        "type": "oc",
        "morph": "I3p",
        "mag": 4.1,
        "dim": "8",
        "bv": ""
      },
      "geometry": {
        "type": "Point",
        "coordinates": [109.68, -24.95]
      }
    },
    {
      "type": "Feature",
      "id": "NGC 2451",
      "properties": {
        "desig": "NGC 2451",
        "type": "oc",
        "morph": "",
        "mag": 2.8,
        "dim": "50",
        "bv": "0.54"
      },
      "geometry": {
        "type": "Point",
        "coordinates": [116.325, -37.967]
      }
    },
    {
      "type": "Feature",
      "id": "NGC 2516",
      "properties": {
        "desig": "NGC 2516",
        "type": "oc",
        "morph": "I3r",
        "mag": 3.8,
        "dim": "21",
        "bv": "0.04"
      },
      "geometry": {
        "type": "Point",
        "coordinates": [119.52, -60.75]
      }
    },
    {
      "type": "Feature",
      "id": "NGC 3372",
      "properties": {
        "desig": "η Car",
        "type": "en",
        "morph": "",
        "mag": 1,
        "dim": "120x120",
        "bv": ""
      },
      "geometry": {
        "type": "Point",
        "coordinates": [161.28, -59.867]
      }
    },
    {
      "type": "Feature",
      "id": "NGC 3532",
      "properties": {
        "desig": "NGC 3532",
        "type": "oc",
        "morph": "II1m",
        "mag": "3",
        "dim": "50",
        "bv": 0.28
      },
      "geometry": {
        "type": "Point",
        "coordinates": [166.413, -58.753]
      }
    },
    {
      "type": "Feature",
      "id": "NGC 5139",
      "properties": {
        "desig": "ω Cen",
        "type": "gc",
        "morph": "VIII",
        "mag": 3.9,
        "dim": "36.3",
        "bv": "0.79"
      },
      "geometry": {
        "type": "Point",
        "coordinates": [-158.295, -47.483]
      }
    },
    {
      "type": "Feature",
      "id": "NGC 6231",
      "properties": {
        "desig": "NGC 6231",
        "type": "oc",
        "morph": "I3p",
        "mag": 2.6,
        "dim": "15",
        "bv": "0.23"
      },
      "geometry": {
        "type": "Point",
        "coordinates": [-106.455, -41.817]
      }
    },
    {
      "type": "Feature",
      "id": "NGC 292",
      "properties": {
        "desig": "SMC",
        "type": "i",
        "morph": "dIrr",
        "mag": 2.3,
        "dim": "319x205",
        "bv": "0.59"
      },
      "geometry": {
        "type": "Point",
        "coordinates": [13.155, -72.8]
      }
    },
    {
      "type": "Feature",
      "id": "IC 2391",
      "properties": {
        "desig": "IC 2391",
        "type": "oc",
        "morph": "II3p",
        "mag": "2.5",
        "dim": "60",
        "bv": ""
      },
      "geometry": {
        "type": "Point",
        "coordinates": [130.133, -53.033]
      }
    },
    {
      "type": "Feature",
      "id": "GC",
      "properties": {
        "desig": "GalCtr",
        "type": "pos",
        "morph": "",
        "mag": 1,
        "dim": "60",
        "bv": ""
      },
      "geometry": {
        "type": "Point",
        "coordinates": [-93.5959, -28.9362]
      }
    }
  ]
}
