{
  "mer": {
    "name": "Mercury",
    "map": "mercurymap.jpg",
    "trajectory": true,
    "H": -0.665,
    "elements": [
      {
        "a": 0.38709927,
        "e": 0.20563593,
        "i": 7.00497902,
        "L": 252.2503235,
        "W": 77.45779628,
        "N": 48.33076593,
        "da": 3.7e-7,
        "de": 0.00001906,
        "di": -0.00594749,
        "dL": 149472.67411175,
        "dW": 0.16047689,
        "dN": -0.12534081,
        "ep": "2000-01-01"
      }
    ],
    "id": "mer",
    "desig": "Mer",
    "en": "Mercury",
    "sym": "☿",
    "ar": "عُطَارِد‎",
    "zh": "水星",
    "fr": "Mercure",
    "de": "Merkur",
    "el": "Ερμής",
    "he": "חמה‎",
    "hi": "बुध",
    "it": "Mercurio",
    "ja": "水星",
    "ru": "Мерку́рий",
    "es": "Mercurio",
    "la": "Mercurius",
    "ko": "수성",
    "fa": "تیر"
  },
  "ven": {
    "name": "Venus",
    "map": "venusmap.jpg",
    "trajectory": true,
    "H": -4.33,
    "elements": [
      {
        "a": 0.72333566,
        "e": 0.00677672,
        "i": 3.39467605,
        "L": 181.9790995,
        "W": 131.60246718,
        "N": 76.67984255,
        "da": 0.0000039,
        "de": -0.00004107,
        "di": -0.0007889,
        "dL": 58517.81538729,
        "dW": 0.00268329,
        "dN": -0.27769418,
        "ep": "2000-01-01"
      }
    ],
    "id": "ven",
    "desig": "Ven",
    "en": "Venus",
    "sym": "♀",
    "ar": "اَلزُّهَرَة‎",
    "zh": "金星",
    "fr": "Vénus",
    "de": "Venus",
    "el": "Αφροδίτη",
    "he": "נוגה‎",
    "hi": "शुक्र",
    "it": "Venere",
    "ja": "金星",
    "ru": "Вене́ра",
    "es": "Venus",
    "la": "Venus",
    "ko": "금성",
    "fa": "ناهید"
  },
  "ter": {
    "name": "Earth",
    "map": "earthmapclouds.jpg",
    "trajectory": true,
    "H": -3.79,
    "elements": [
      {
        "a": 1.00000261,
        "e": 0.01671123,
        "i": -0.00001531,
        "L": 100.46457166,
        "W": 102.93768193,
        "N": 0,
        "da": 0.00000562,
        "de": -0.00004392,
        "di": -0.01294668,
        "dL": 35999.37244981,
        "dW": 0.32327364,
        "dN": 0,
        "ep": "2000-01-01"
      }
    ],
    "id": "ter",
    "desig": "Ter",
    "en": "Earth",
    "sym": "♁",
    "ar": "اَلْأَرْض‎",
    "zh": "地球",
    "fr": "Terre",
    "de": "Erde",
    "el": "Γη",
    "he": "ארץ‎",
    "hi": "पृथ्वी",
    "it": "Terra",
    "ja": "地球",
    "ru": "Земля́",
    "es": "Tierra",
    "la": "Terra",
    "ko": "지구",
    "fa": "زمین"
  },
  "mar": {
    "name": "Mars",
    "map": "marsmap.jpg",
    "trajectory": true,
    "H": -1.59,
    "elements": [
      {
        "a": 1.52371034,
        "e": 0.0933941,
        "i": 1.84969142,
        "L": -4.55343205,
        "W": -23.94362959,
        "N": 49.55953891,
        "da": 0.00001847,
        "de": 0.00007882,
        "di": -0.00813131,
        "dL": 19140.30268499,
        "dW": 0.44441088,
        "dN": -0.29257343,
        "ep": "2000-01-01"
      }
    ],
    "id": "mar",
    "desig": "Mar",
    "en": "Mars",
    "sym": "♂",
    "ar": "اَلْمِرِّيخ‎",
    "zh": "火星",
    "fr": "Mars",
    "de": "Mars",
    "el": "Άρης",
    "he": "מאדים‎",
    "hi": "मंगल",
    "it": "Marte",
    "ja": "火星",
    "ru": "Марс",
    "es": "Marte",
    "la": "Mars",
    "ko": "화성",
    "fa": "بهرام"
  },
  "jup": {
    "name": "Jupiter",
    "map": "jupitermap.jpg",
    "ring": { "map": "jupiterrings.gif", "radius": 2.5, "opacity": 0.5 },
    "trajectory": true,
    "H": -9.42,
    "elements": [
      {
        "a": 5.202887,
        "e": 0.04838624,
        "i": 1.30439695,
        "L": 34.39644051,
        "W": 14.72847983,
        "N": 100.47390909,
        "da": -0.00011607,
        "de": -0.00013253,
        "di": -0.00183714,
        "dL": 3034.74612775,
        "dW": 0.21252668,
        "dN": 0.20469106,
        "ep": "2000-01-01"
      }
    ],
    "id": "jup",
    "desig": "Jup",
    "en": "Jupiter",
    "sym": "♃",
    "ar": "اَلْمُشْتَرِي‎",
    "zh": "木星",
    "fr": "Jupiter",
    "de": "Jupiter",
    "el": "Δίας",
    "he": "צדק‎",
    "hi": "बृहस्पति",
    "it": "Giove",
    "ja": "木星",
    "ru": "Юпи́тер",
    "es": "Júpiter",
    "la": "Jupiter",
    "ko": "목성",
    "fa": "هرمز"
  },
  "sat": {
    "name": "Saturn",
    "map": "saturnmap.jpg",
    "ring": { "map": "saturnrings.gif", "radius": 2.3, "opacity": 0.9 },
    "trajectory": true,
    "H": -8.94,
    "elements": [
      {
        "a": 9.53667594,
        "e": 0.05386179,
        "i": 2.48599187,
        "L": 49.95424423,
        "W": 92.59887831,
        "N": 113.66242448,
        "da": -0.0012506,
        "de": -0.00050991,
        "di": 0.00193609,
        "dL": 1222.49362201,
        "dW": -0.41897216,
        "dN": -0.28867794,
        "ep": "2000-01-01"
      }
    ],
    "id": "sat",
    "desig": "Sat",
    "en": "Saturn",
    "sym": "♄",
    "ar": "زُحَل‎",
    "zh": "土星",
    "fr": "Saturne",
    "de": "Saturn",
    "el": "Κρόνος",
    "he": "שבתאי‎",
    "hi": "शनि",
    "it": "Saturno",
    "ja": "土星",
    "ru": "Сату́рн",
    "es": "Saturno",
    "la": "Saturnus",
    "ko": "토성",
    "fa": "کیوان"
  },
  "ura": {
    "name": "Uranus",
    "map": "uranusmap.jpg",
    "ring": { "map": "uranusrings.gif", "radius": 2.1, "opacity": 0.6 },
    "trajectory": true,
    "H": -7.16,
    "elements": [
      {
        "a": 19.18916464,
        "e": 0.04725744,
        "i": 0.77263783,
        "L": 313.23810451,
        "W": 170.9542763,
        "N": 74.01692503,
        "da": -0.00196176,
        "de": -0.00004397,
        "di": -0.00242939,
        "dL": 428.48202785,
        "dW": 0.40805281,
        "dN": 0.04240589,
        "ep": "2000-01-01"
      }
    ],
    "id": "ura",
    "desig": "Ura",
    "en": "Uranus",
    "sym": "♅",
    "ar": "أُورَانُوس‎",
    "zh": "天王星",
    "fr": "Uranus",
    "de": "Uranus",
    "el": "Ουρανός",
    "he": "אורנוס‎",
    "hi": "अरुण",
    "it": "Urano",
    "ja": "天王星",
    "ru": "Ура́н",
    "es": "Urano",
    "la": "Uranus",
    "ko": "천왕성",
    "fa": "اورانوس"
  },
  "nep": {
    "name": "Neptune",
    "map": "neptunemap.jpg",
    "ring": { "map": "neptunerings.gif", "radius": 2.5, "opacity": 0.8 },
    "trajectory": true,
    "H": -6.86,
    "elements": [
      {
        "a": 30.06992276,
        "e": 0.00859048,
        "i": 1.77004347,
        "L": -55.12002969,
        "W": 44.96476227,
        "N": 131.78422574,
        "da": 0.00026291,
        "de": 0.00005105,
        "di": 0.00035372,
        "dL": 218.45945325,
        "dW": -0.32241464,
        "dN": -0.00508664,
        "ep": "2000-01-01"
      }
    ],
    "id": "nep",
    "desig": "Nep",
    "en": "Neptune",
    "sym": "♆",
    "ar": "نِبْتُون‎",
    "zh": "海王星",
    "fr": "Neptune",
    "de": "Neptun",
    "el": "Ποσειδώνας",
    "he": "נפטון‎",
    "hi": "वरुण",
    "it": "Nettuno",
    "ja": "海王星",
    "ru": "Непту́н",
    "es": "Neptuno",
    "la": "Neptunus",
    "ko": "해왕성",
    "fa": "نپتون"
  },
  "plu": {
    "name": "Pluto",
    "map": "plutomap.jpg",
    "trajectory": true,
    "H": -0.614,
    "elements": [
      {
        "a": 39.48211675,
        "e": 0.2488273,
        "i": 17.14001206,
        "L": 238.92903833,
        "W": 224.06891629,
        "N": 110.30393684,
        "da": -0.00031596,
        "de": 0.0000517,
        "di": 0.00004818,
        "dL": 145.20780515,
        "dW": -0.04062942,
        "dN": -0.01183482,
        "ep": "2000-01-01"
      }
    ],
    "id": "plu",
    "desig": "Plu",
    "en": "Pluto",
    "sym": "♇",
    "ar": "بلوتو",
    "zh": "冥王星",
    "fr": "Pluton",
    "de": "Pluto",
    "el": "Πλούτωνας",
    "he": "פלוטו",
    "hi": "प्लूटो",
    "it": "Plutone",
    "ja": "冥王星",
    "ru": "Плутон",
    "es": "Plutón",
    "la": "Pluto",
    "ko": "명왕성",
    "fa": "پلوتون"
  },
  "eri": {
    "desig": "Eri",
    "name": "Eris",
    "H": "-1.2",
    "elements": [
      {
        "a": 67.7302788,
        "e": 0.4415085,
        "i": 44.09828,
        "M": 204.34837,
        "w": 151.08738,
        "N": 35.92742,
        "n": 0.00176819,
        "ep": "2015-06-27"
      }
    ],
    "id": "eri",
    "en": "Eris",
    "sym": "⚹",
    "ar": "إريس",
    "zh": "阋神星",
    "fr": "Éris",
    "de": "Eris",
    "el": "Έρις",
    "he": "אריס",
    "hi": "ऍरिस",
    "it": "Eris",
    "ja": "エリス",
    "ru": "Эрида",
    "es": "Eris",
    "la": "Eris",
    "ko": "에리스",
    "fa": "اریس"
  },
  "mak": {
    "desig": "136472",
    "name": "Makemake",
    "H": "-0.3",
    "elements": [
      {
        "a": 45.739408,
        "e": 0.1549633,
        "i": 29.00294,
        "M": 157.21189,
        "w": 297.06081,
        "N": 79.41278,
        "n": 0.00318617,
        "ep": "2015-06-27"
      }
    ],
    "id": "mak"
  },
  "hau": {
    "desig": "136108",
    "name": "Haumea",
    "H": "0.1",
    "elements": [
      {
        "a": 43.2669406,
        "e": 0.1902225,
        "i": 28.19317,
        "M": 210.0836,
        "w": 239.91753,
        "N": 121.81135,
        "n": 0.00346314,
        "ep": "2015-06-27"
      }
    ],
    "id": "hau"
  },
  "ves": {
    "desig": "Ves",
    "name": "Vesta",
    "map": "vestamap.jpg",
    "H": "3.20",
    "elements": [
      {
        "a": 2.3619132,
        "e": 0.0888337,
        "i": 7.1401,
        "M": 75.17272,
        "w": 151.1884,
        "N": 103.84968,
        "n": 0.27152397,
        "ep": "2015-06-27"
      }
    ],
    "id": "ves",
    "en": "Vesta",
    "sym": "⚶",
    "ar": "فيستا",
    "zh": "灶神星",
    "fr": "Vesta",
    "de": "Vesta",
    "el": "Εστία",
    "he": "וסטה",
    "hi": "वॅस्टा",
    "it": "Vesta",
    "ja": "ベスタ",
    "ru": "Веста",
    "es": "Vesta",
    "la": "Vesta",
    "ko": "베스타",
    "fa": "وستا"
  },
  "cer": {
    "desig": "Cer",
    "name": "Ceres",
    "map": "ceresmap.jpg",
    "H": "3.34",
    "elements": [
      {
        "a": 2.7679724,
        "e": 0.0757825,
        "i": 10.5923,
        "M": 138.66222,
        "w": 72.6541,
        "N": 80.3272,
        "n": 0.21402349,
        "ep": "2015-06-27"
      }
    ],
    "id": "cer",
    "en": "Ceres",
    "sym": "⚳",
    "ar": "سيريس",
    "zh": "穀神星",
    "fr": "Cérès",
    "de": "Ceres",
    "el": "Δήμητρα",
    "he": "קרס",
    "hi": "सीरीस",
    "it": "Cerere",
    "ja": "ケレス",
    "ru": "Церера",
    "es": "Ceres",
    "la": "Ceres",
    "ko": "세레스",
    "fa": "سرس"
  },
  "pal": {
    "desig": "2",
    "name": "Pallas",
    "map": "",
    "H": "4.13",
    "elements": [
      {
        "a": 2.7709176,
        "e": 0.281258,
        "i": 33.1988686,
        "M": 334.32,
        "w": 310.202392,
        "N": 173.02474,
        "n": 0.213666463,
        "ep": "2020-05-31"
      }
    ],
    "id": "pal"
  },
  "sol": {
    "name": "Sun",
    "map": "",
    "H": 4.83,
    "elements": [],
    "id": "sol",
    "desig": "Sol",
    "en": "Sun",
    "sym": "☉",
    "ar": "الشمس",
    "zh": "太阳",
    "fr": "Soleil",
    "de": "Sonne",
    "el": "Ήλιος",
    "he": "השמש",
    "hi": "सूर्य",
    "it": "Sole",
    "ja": "太陽",
    "ru": "Солнце",
    "es": "Sol",
    "la": "Sol",
    "ko": "태양",
    "fa": "خورشید"
  },
  "lun": {
    "name": "Moon",
    "map": "",
    "H": 0.21,
    "elements": [],
    "id": "lun",
    "desig": "Lun",
    "en": "Moon",
    "sym": "☾",
    "ar": "القمر",
    "zh": "月球",
    "fr": "Lune",
    "de": "Mond",
    "el": "Σελήνη",
    "he": "הירח",
    "hi": "चन्द्रमा",
    "it": "Luna",
    "ja": "月",
    "ru": "Луна",
    "es": "Luna",
    "la": "Luna",
    "ko": "명달",
    "fa": "ماه"
  }
}
